form	lemma	POS	morph
༄༅། །		PUNCT
ལྭ་	ལྭ་	NO_POS
དཀ་	དཀའ་	VERB
ར་	ལ་	PART
ཚང་	ཚང་	VERB
གི་	གི་	PART
ལོ་རྒྱུས་	ལོ་རྒྱུས་	NOUN
མདོར་བསྡུས་	མདོར་བསྡུས་	OTHER
བཞུགས་	བཞུགས་	VERB
། །		PUNCT
དེ་ཡང་	དེ་ཡང་	ADV
།		PUNCT
བོད་	བོད་	PROPN
ཆེན་པོ་	ཆེན་པོ་	ADJ
མདོ་ཁམས་	མདོ་ཁམས་	OTHER
ཆུ་	ཆུ་	NOUN
བཞི་	བཞི་	NUM
སྒང་	སྒང་	NOUN
དྲུག་	དྲུག་	NUM
ཏུ་	ལ་	PART
གྲགས་པ་	གྲགས་པ་	VERB
འི་	གི་	PART
ཁོངས་	ཁོངས་	NOUN
བཏོག་	བཏོག་	NO_POS
ཏྲེ་ཧོར་	ཏྲེ་ཧོར་	OTHER
རམ་	གམ་	PART
ཧོར་	ཧོར་	PROPN
སྲ་	སྲ་	NOUN
དག་	དག་	DET
རྭ་	རྭ་	NOUN
ཁག་	ཁག་	NOUN
ལྔ་	ལྔ་	NUM
འི་	གི་	PART
ནང་གསེས་	ནང་གསེས་	NOUN
ཨ་	ཨ་	X
གདུགས་	གདུགས་	NOUN
ལ་	ལ་	ADP
དཀ་	དཀའ་	VERB
ར་	ལ་	PART
ཚང་	ཚང་	VERB
ཞེ་	ཅེས་	PART
དམ་པ་	དམ་པ་	VERB
ཆོ་	ཆོ་	NOUN
ཀྱི་	གི་	PART
སྦྱིན་བདག་	སྦྱིན་བདག་	NOUN
ཆེན་པོ་	ཆེན་པོ་	ADJ
བོད་	བོད་	PROPN
ཆོལ་ཁ་	ཆོལ་ཁ་	NO_POS
གསུམ་	གསུམ་	NUM
ཡོངས་	ཡོངས་	DET
ལ་	ལ་	ADP
གྲགས་པ་	གྲགས་པ་	VERB
འི་	གི་	PART
མི་ཚང་	མི་ཚང་	NO_POS
དེ་	དེ་	DET
འི་	གི་	PART
ལོ་རྒྱུས་	ལོ་རྒྱུས་	NOUN
།		PUNCT
མ་	མ་	PART
ཡུམ་	ཡུམ་	NOUN
པདྨ་	པདྨ་	NOUN
ཚེ་རིང་	ཚེ་རིང་	NOUN
དབང་	དབང་	NOUN
མོ་	མོ་	PRON
འི་	གི་	PART
ཞལ་ལ་	ཞལ་ལ་	NO_POS
ས་	གིས་	PART
ཇི་ལྟ་		
བྱུང་བ་	བྱུང་བ་	VERB
བཞིན་	བཞིན་	NOUN
འགོད་པ་	འགོད་པ་	VERB
ལ་	ལ་	ADP
།		PUNCT
ཐོག་མ་	ཐོག་མ་	NOUN
ར་	ལ་	PART
མི་ཚང་	མི་ཚང་	NO_POS
འདི་	འདི་	DET
འི་	གི་	PART
བྱུང་	བྱུང་	VERB
ཁུངས་	ཁུངས་	NOUN
ནི་	ནི་	NO_POS
།		PUNCT
བོད་	བོད་	PROPN
ཀྱི་	གི་	PART
གཞི་བདག་	གཞི་བདག་	NOUN
ཡོངས་གྲགས་	ཡོངས་གྲགས་	ADJ
གཉན་	གཉན་	OTHER
ཆེན་	ཆེན་	NO_POS
ཐང་ལྷ་	ཐང་ལྷ་	PROPN
འི་	གི་	PART
འཕྲུལ་	འཕྲུལ་	VERB
སྲ་	སྲ་	NOUN
ཞིག་	ཅིག་	PART
ན་	ནས་	PART
བརྒྱུད་པ་	བརྒྱུད་པ་	VERB
ཡིན་པ་	ཡིན་པ་	AUX
འི་	གི་	PART
བཤད་སྲོལ་	བཤད་སྲོལ་	OTHER
ཡོད་	ཡོད་	VERB
ལ་	ལ་	ADP
།		PUNCT
ཐོག་མ་	ཐོག་མ་	NOUN
ར་	ལ་	PART
མི་ཚང་	མི་ཚང་	NO_POS
འདི་	འདི་	DET
ལ་	ལ་	ADP
ལྭ་	ལྭ་	NO_POS
དཀ་	དཀའ་	VERB
ར་	ལ་	PART
ཚང་	ཚང་	VERB
ཞེ་	ཅེས་	PART
མིང་	མིང་	NOUN
ཐོགས་	ཐོགས་	VERB
ཚུལ་	ཚུལ་	NOUN
ནི་	ནི་	NO_POS
།		PUNCT
ཞྭ་སེར་	ཞྭ་སེར་	NO_POS
བསྟན་པ་	བསྟན་པ་	VERB
འི་	གི་	PART
ཆུ་འགོ་	ཆུ་འགོ་	OTHER
འཇམ་དཔལ་	འཇམ་དཔལ་	PROPN
དབྱངས་	དབྱངས་	NOUN
མི་	མི་	PART
འི་	གི་	PART
གཟུགས་	གཟུགས་	NOUN
སུ་	སུ་	ADP
བྱོན་པ་	བྱོན་པ་	VERB
རྗེ་	རྗེ་	NO_POS
རིན་པོ་ཆེ་	རིན་པོ་ཆེ་	ADJ
བློ་བཟང་	བློ་བཟང་	PROPN
གྲགས་པ་	གྲགས་པ་	VERB
དེ་ཉིད་	དེ་ཉིད་	NOUN
ཐོག་མ་	ཐོག་མ་	NOUN
ར་	ལ་	PART
ཨ་མདོ་	ཨ་མདོ་	PROPN
འི་	གི་	PART
ཡུལ་	ཡུལ་	NOUN
ན་	ནས་	PART
དབུ་	དབུ་	NOUN
ཕྱོགས་	ཕྱོགས་	NOUN
སུ་	སུ་	ADP
ཕེབས་པ་	ཕེབས་པ་	VERB
འི་	གི་	PART
སྐབས་	སྐབས་	NOUN
སུ་	སུ་	ADP
ཏྲེ་ཧོར་	ཏྲེ་ཧོར་	OTHER
ན་	ནས་	PART
ཡ་	ཡ་	OTHER
བྱོན་པ་	བྱོན་པ་	VERB
ན་	ན་	ADP
།		PUNCT
དེ་	དེ་	DET
ར་	ལ་	PART
མི་	མི་	PART
དཀར་པོ་	དཀར་པོ་	ADJ
ཞིག་	ཅིག་	PART
གིས་	གིས་	PART
ཁྱིམ་	ཁྱིམ་	NOUN
དུ་	ལ་	PART
གདན་	གདན་	NOUN
དྲངས་	དྲངས་	NO_POS
ན་	ནས་	PART
ལམ་བར་	ལམ་བར་	NOUN
དུ་	ལ་	PART
ཆ་	ཆ་	NOUN
ར་	ལ་	PART
ཞུད་	ཞུད་	NO_POS
དང་	དང་	NO_POS
གྲང་ངར་	གྲང་ངར་	OTHER
ལ་	ལ་	ADP
ས་	གིས་	PART
སྐྱོབ་པ་	སྐྱོབ་པ་	VERB
འི་	གི་	PART
ཕྱི་	ཕྱི་	OTHER
ལྭ་བ་	ལྭ་བ་	NOUN
དཀར་པོ་	དཀར་པོ་	ADJ
ཞིག་	ཅིག་	PART
ཕུལ་བ་	ཕུལ་བ་	VERB
ས་	གིས་	PART
།		PUNCT
རྗེ་	རྗེ་	NO_POS
རིན་པོ་ཆེ་	རིན་པོ་ཆེ་	ADJ
ས་	གིས་	PART
།		PUNCT
ལྭ་	ལྭ་	NO_POS
གོ་	གོ་	NOUN
དཀར་པོ་	དཀར་པོ་	ADJ
དྲི་མ་	དྲི་མ་	NOUN
མེད་པ་	མེད་པ་	VERB
ཞིག་	ཅིག་	PART
ཕུལ་བ་	ཕུལ་བ་	VERB
དེ་	དེ་	DET
རྟེན་འབྲེལ་	རྟེན་འབྲེལ་	NOUN
ཤིན་ཏུ་	ཤིན་ཏུ་	NO_POS
འགྲིགས་པ་	འགྲིགས་པ་	NO_POS
ར་	ལ་	PART
གཟིགས་པ་	གཟིགས་པ་	VERB
ས་	གིས་	PART
།		PUNCT
ཐུགས་	ཐུགས་	NOUN
རབ་ཏུ་	རབ་ཏུ་	NO_POS
མཉེས་	མཉེས་	VERB
ན་	ནས་	PART
ད་རེས་	ད་རེས་	ADV
རྟེན་འབྲེལ་	རྟེན་འབྲེལ་	NOUN
ཤིན་ཏུ་	ཤིན་ཏུ་	NO_POS
ན་	ནས་	PART
ལེགས་	ལེགས་	VERB
བྱུང་	བྱུང་	VERB
།		PUNCT
ཁྱེད་	ཁྱེད་	PRON
ཀྱི་	གི་	PART
མི་	མི་	PART
རབས་	རབས་	NOUN
ལ་	ལ་	ADP
བསོད་ནམས་	བསོད་ནམས་	NOUN
དང་	དང་	NO_POS
དབང་ཐང་	དབང་ཐང་	NOUN
འགྲན་ཟླ་	འགྲན་ཟླ་	NOUN
མེད་པ་	མེད་པ་	VERB
འབྱུང་	འབྱུང་	VERB
།		PUNCT
མི་ཚང་	མི་ཚང་	NO_POS
གི་	གི་	PART
མིང་	མིང་	NOUN
ལ་	ལ་	ADP
ཡང་	ཀྱང་	PART
།		PUNCT
ལྭ་	ལྭ་	NO_POS
དཀ་	དཀའ་	VERB
ར་	ལ་	PART
ཚང་	ཚང་	VERB
ཞེ་	ཅེས་	PART
འདོགས་	འདོགས་	VERB
དགོས་	དགོས་	VERB
གསུངས་པ་	གསུངས་པ་	VERB
ན་	ནས་	PART
ལྭ་	ལྭ་	NO_POS
དཀ་	དཀའ་	VERB
ར་	ལ་	PART
ཚང་	ཚང་	VERB
ཞེ་	ཅེས་	PART
གྲག་	གྲག་	VERB
།		PUNCT
དེ་ནས་	དེ་ནས་	NO_POS
བཟུང་	བཟུང་	NO_POS
མི་	མི་	PART
རབས་	རབས་	NOUN
ན་	ནས་	PART
མི་	མི་	PART
རབས་	རབས་	NOUN
ལ་	ལ་	ADP
བསོད་ནམས་	བསོད་ནམས་	NOUN
དང་	དང་	NO_POS
དབང་ཐང་	དབང་ཐང་	NOUN
ཇེ་	ཇེ་	OTHER
ད་	ད་	NOUN
དུ་	ལ་	PART
གྱུར་པ་	གྱུར་པ་	VERB
མ་ཟད་	མ་ཟད་	NO_POS
།		PUNCT
བོད་	བོད་	PROPN
ཡོངས་	ཡོངས་	DET
ཀྱི་	གི་	PART
ཆོས་ལུགས་	ཆོས་ལུགས་	NOUN
ཆེན་པོ་	ཆེན་པོ་	ADJ
རི་	རི་	NOUN
སུ་	སུ་	ADP
མ་	མ་	PART
ཆད་པ་	ཆད་པ་	VERB
འི་	གི་	PART
སྦྱིན་བདག་	སྦྱིན་བདག་	NOUN
ཏུ་	ལ་	PART
གྱུར་	གྱུར་	VERB
།		PUNCT
རྗེ་	རྗེ་	NO_POS
རིན་པོ་ཆེ་	རིན་པོ་ཆེ་	ADJ
གྲ་	གྲ་	NOUN
སྐོར་	སྐོར་	NOUN
ལ་	ལ་	ADP
ཕེབས་པ་	ཕེབས་པ་	VERB
འི་	གི་	PART
གཏོང་སྒོ་	གཏོང་སྒོ་	OTHER
སོགས་	སོགས་	DET
ཀྱི་	གི་	PART
སྦྱིན་བདག་	སྦྱིན་བདག་	NOUN
གནང་	གནང་	NO_POS
བ་མ་	བ་མ་	NO_POS
ཟད་	ཟད་	VERB
།		PUNCT
ལྷ་ས་	ལྷ་ས་	PROPN
འི་	གི་	PART
སྨོན་ལམ་	སྨོན་ལམ་	NOUN
ཆེན་	ཆེན་	NO_POS
མོ་	མོ་	PRON
ཐོག་མ་	ཐོག་མ་	NOUN
ར་	ལ་	PART
དབུ་	དབུ་	NOUN
འཛུགས་པ་	འཛུགས་པ་	VERB
འི་	གི་	PART
སྦྱིན་བདག་	སྦྱིན་བདག་	NOUN
ཀྱང་	ཀྱང་	PART
མི་ཚང་	མི་ཚང་	NO_POS
འདི་ཉིད་	འདི་ཉིད་	OTHER
ཀྱིས་	གིས་	PART
མཛད་	མཛད་	VERB
ཡོད་པ་	ཡོད་པ་	VERB
ར་	ལ་	PART
གྲག་	གྲག་	VERB
ཤིང་	ཅིང་	PART
།		PUNCT
དེ་ནས་	དེ་ནས་	NO_POS
རྗེས་སུ་	རྗེས་སུ་	OTHER
རྒྱ་མི་	རྒྱ་མི་	NO_POS
དམར་པོ་	དམར་པོ་	ADJ
ཐོག་མ་	ཐོག་མ་	NOUN
ར་	ལ་	PART
ཁམས་	ཁམས་	NOUN
ཕྱོགས་	ཕྱོགས་	NOUN
སུ་	སུ་	ADP
མ་	མ་	PART
སླེབས་	སླེབས་	VERB
བ་	བ་	NOUN
།		PUNCT
སྨོན་ལམ་	སྨོན་ལམ་	NOUN
ཆེན་	ཆེན་	NO_POS
མོ་	མོ་	PRON
ནམ་	ནམ་	PRON
འཚོགས་	འཚོགས་	VERB
ལ་	ལ་	ADP
ཇ་	ཇ་	OTHER
དང་	དང་	NO_POS
རྩམ་པ་	རྩམ་པ་	NOUN
མ་	མ་	NOUN
རྒྱབ་ཁལ་	རྒྱབ་ཁལ་	NOUN
མང་པོ་	མང་པོ་	ADJ
དང་	དང་	NO_POS
མཉམ་	མཉམ་	VERB
དུ་	ལ་	PART
ཐོག་མ་	ཐོག་མ་	NOUN
ར་	ལ་	PART
འཚུགས་		NON_WORD
སྐབས་	སྐབས་	NOUN
ཀྱི་	གི་	PART
སྲོལ་	སྲོལ་	NOUN
རྒྱུན་ལྟར་	རྒྱུན་ལྟར་	NO_POS
དགེ་འདུན་	དགེ་འདུན་	NOUN
རེ་	རེ་	DET
ར་	ལ་	PART
དངུལ་ཊམ་	དངུལ་ཊམ་	NO_POS
གཅིག་	གཅིག་	NUM
དང་	དང་	NO_POS
ཇ་	ཇ་	OTHER
འབྲི་	འབྲི་	VERB
དང་	དང་	NO_POS
བག་ཆུང་	བག་ཆུང་	NO_POS
རེ་	རེ་	DET
ཡང་	ཀྱང་	PART
འབུལ་བ་	འབུལ་བ་	VERB
འི་	གི་	PART
རྒྱུན་	རྒྱུན་	NOUN
སྲོལ་	སྲོལ་	NOUN
མ་	མ་	PART
ཉམས་པ་	ཉམས་པ་	VERB
ཡོད་པ་	ཡོད་པ་	VERB
དྲན་	དྲན་	VERB
གྱི་	གི་	PART
འདུག་	འདུག་	VERB
ཡུལ་	ཡུལ་	NOUN
འདི་	འདི་	DET
ལ་	ལ་	ADP
ཧོར་	ཧོར་	PROPN
སྲ་	སྲ་	NOUN
དག་	དག་	DET
རྭ་	རྭ་	NOUN
ཁག་	ཁག་	NOUN
ལྔ་	ལྔ་	NUM
ཞེ་	ཅེས་	PART
བརྗོད་པ་	བརྗོད་པ་	VERB
འི་	གི་	PART
རྒྱུ་མཚན་	རྒྱུ་མཚན་	NOUN
ནི་	ནི་	NO_POS
།		PUNCT
འགྲོ་མགོན་	འགྲོ་མགོན་	NOUN
ཆོས་རྒྱལ་	ཆོས་རྒྱལ་	NOUN
འཕགས་པ་	འཕགས་པ་	VERB
སོག་པོ་	སོག་པོ་	OTHER
འི་	གི་	PART
རྒྱལ་པོ་	རྒྱལ་པོ་	NOUN
ས་	གིས་	PART
རྒྱ་ནག་	རྒྱ་ནག་	PROPN
ཏུ་	ལ་	PART
གདན་	གདན་	NOUN
དྲངས་	དྲངས་	NO_POS
ན་	ནས་	PART
ཕྱིར་ཕེབས་པ་	ཕྱིར་ཕེབས་པ་	NO_POS
འི་	གི་	PART
སྐབས་	སྐབས་	NOUN
སུ་	སུ་	ADP
ཧོར་	ཧོར་	PROPN
སེ་	སེ་	NO_POS
ར་	ལ་	PART
ཆེན་	ཆེན་	NO_POS
རྒྱལ་པོ་	རྒྱལ་པོ་	NOUN
འི་	གི་	PART
སྲ་	སྲ་	NOUN
ཤིག་	ཅིག་	PART
ཕེབས་	ཕེབས་	NO_POS
བསྐྱལ་	བསྐྱལ་	NO_POS
དུ་	ལ་	PART
བཅ་	བཅའ་	VERB
ར་	ལ་	PART
ན་	ནས་	PART
།		PUNCT
ས་གནས་	ས་གནས་	OTHER
འདི་	འདི་	DET
ར་	ལ་	PART
ཁོང་	ཁོང་	PRON
གི་	གི་	PART
སྲ་	སྲ་	NOUN
ཤིག་	ཅིག་	PART
བྱུང་བ་	བྱུང་བ་	VERB
དེ་	དེ་	DET
འི་	གི་	PART
མི་	མི་	PART
བརྒྱུད་	བརྒྱུད་	NO_POS
འཕེལ་བ་	འཕེལ་བ་	VERB
ཡིན་	ཡིན་	NO_POS
ཞེ་	ཅེས་	PART
བརྗོད་	བརྗོད་	VERB
སྲོལ་	སྲོལ་	NOUN
འདུག་	འདུག་	VERB
ཡང་	ཀྱང་	PART
།		PUNCT
ལོ་རྒྱུས་	ལོ་རྒྱུས་	NOUN
གཞན་	གཞན་	DET
ཞིག་	ཅིག་	PART
ཏུ་	ལ་	PART
།		PUNCT
ལྭ་	ལྭ་	NO_POS
དཀ་	དཀའ་	VERB
ར་	ལ་	PART
ཚང་	ཚང་	VERB
གིས་	གིས་	PART
ལྷ་ས་	ལྷ་ས་	PROPN
འི་	གི་	PART
སྨོན་ལམ་	སྨོན་ལམ་	NOUN
ཆེན་	ཆེན་	NO_POS
མོ་	མོ་	PRON
འི་	གི་	PART
སྦྱིན་བདག་	སྦྱིན་བདག་	NOUN
བྱ་	བྱ་	VERB
ན་	ནས་	PART
འཚོགས་	འཚོགས་	VERB
ཀྱི་	གི་	PART
སྐབས་	སྐབས་	NOUN
།		PUNCT
ཉིན་	ཉིན་	NOUN
གཅིག་	གཅིག་	NUM
སྦྱིན་བདག་	སྦྱིན་བདག་	NOUN
ལ་	ལ་	ADP
རྒྱ་	རྒྱ་	NOUN
མཐོང་ཁ་	མཐོང་ཁ་	NO_POS
ར་	ལ་	PART
གདན་འདྲེན་	གདན་འདྲེན་	NOUN
ཞུ་	ཞུ་	VERB
ན་	ནས་	PART
མདུན་	མདུན་	NOUN
གྱི་	གི་	PART
ཅོག་ཙེ་	ཅོག་ཙེ་	NO_POS
ཁ་	ཁ་	PRON
ར་	ལ་	PART
ཁ་ཟས་	ཁ་ཟས་	NOUN
སོགས་	སོགས་	DET
སྟོན་མོ་	སྟོན་མོ་	NOUN
མང་པོ་	མང་པོ་	ADJ
སྣ་ཚོགས་པ་	སྣ་ཚོགས་པ་	DET
ཞིག་	ཅིག་	PART
བསྒྲིགས་	བསྒྲིགས་	NO_POS
ཡོད་པ་	ཡོད་པ་	VERB
ལ་	ལ་	ADP
ས་	གིས་	PART
།		PUNCT
ལྭ་	ལྭ་	NO_POS
དཀ་	དཀའ་	VERB
ར་	ལ་	PART
གྱི་	གི་	PART
སྐུ་ངོ་	སྐུ་ངོ་	NO_POS
དེ་	དེ་	DET
ཕྱག་	ཕྱག་	NOUN
ཅུང་	ཅུང་	OTHER
ཙམ་	ཙམ་	DET
མི་	མི་	PART
བདེ་བ་	བདེ་བ་	VERB
ས་	གིས་	PART
།		PUNCT
ཅོག་ཙེ་	ཅོག་ཙེ་	NO_POS
ལ་	ལ་	ADP
ཐོ་	ཐོ་	NOUN
ཕོགས་པ་	ཕོགས་པ་	NOUN
ས་	གིས་	PART
ཅོག་ཙེ་	ཅོག་ཙེ་	NO_POS
འི་	གི་	PART
སྟེང་	སྟེང་	NOUN
གི་	གི་	PART
སྟོན་མོ་	སྟོན་མོ་	NOUN
རྣམས་	རྣམས་	DET
ཆ་	ཆ་	NOUN
ར་	ལ་	PART
བབས་པ་	བབས་པ་	VERB
ལྟ་	ལྟ་	OTHER
འདུ་ཁང་	འདུ་ཁང་	OTHER
གི་	གི་	PART
དགེ་འདུན་	དགེ་འདུན་	NOUN
རྣམས་	རྣམས་	DET
ཀྱི་	གི་	PART
སྟེང་	སྟེང་	NOUN
དུ་	ལ་	PART
འཐོར་བ་	འཐོར་བ་	VERB
དང་	དང་	NO_POS
།		PUNCT
དགེ་འདུན་པ་	དགེ་འདུན་པ་	NOUN
ཐམས་ཅད་	ཐམས་ཅད་	DET
མཚའ་	མཚའ་	VERB
དྲག་ན་	དྲག་ན་	NO_POS
ས་	གིས་	PART
བཞད་མོ་	བཞད་མོ་	NO_POS
བཀག་	བཀག་	VERB
མི་	མི་	PART
ཐུབ་པ་	ཐུབ་པ་	VERB
ཞིག་	ཅིག་	PART
མཛད་	མཛད་	VERB
བྱུང་བ་	བྱུང་བ་	VERB
དེ་	དེ་	DET
རྗེ་	རྗེ་	NO_POS
རིན་པོ་ཆེ་	རིན་པོ་ཆེ་	ADJ
ས་	གིས་	PART
གཟིགས་པ་	གཟིགས་པ་	VERB
ས་	གིས་	PART
།		PUNCT
ད་རེས་	ད་རེས་	ADV
རྟེན་འབྲེལ་	རྟེན་འབྲེལ་	NOUN
ཧ་ཅང་	ཧ་ཅང་	ADV
ལེགས་	ལེགས་	VERB
།		PUNCT
ད་	ད་	ADV
ལྭ་	ལྭ་	NO_POS
དཀ་	དཀའ་	VERB
ར་	ལ་	PART
ཚང་	ཚང་	VERB
གི་	གི་	PART
མི་	མི་	PART
རབས་	རབས་	NOUN
ན་	ནས་	PART
མི་	མི་	PART
རབས་	རབས་	NOUN
ལ་	ལ་	ADP
བོད་	བོད་	PROPN
གངས་ཅན་	གངས་ཅན་	ADJ
གྱི་	གི་	PART
དགེ་འདུན་པ་	དགེ་འདུན་པ་	NOUN
མཐའ་དག་	མཐའ་དག་	DET
དགའ་	དགའ་	VERB
ན་	ནས་	PART
བགད་	བགད་	NO_POS
དགོས་པ་	དགོས་པ་	VERB
འི་	གི་	PART
ཞབས་ཏོག་	ཞབས་ཏོག་	NOUN
མཛད་པ་	མཛད་པ་	VERB
ཤ་སྟག་	ཤ་སྟག་	DET
ཡོང་བ་	ཡོང་བ་	VERB
འདུག་	འདུག་	VERB
ཅེས་	ཅེས་	PART
བཀའ་	བཀའ་	NOUN
གནང་	གནང་	NO_POS
ཡོད་པ་	ཡོད་པ་	VERB
འི་	གི་	PART
བཤད་སྲོལ་	བཤད་སྲོལ་	OTHER
ཡང་	ཀྱང་	PART
ཡོད་	ཡོད་	VERB
།		PUNCT
དེ་ནས་	དེ་ནས་	NO_POS
བཟུང་	བཟུང་	NO_POS
ལྭ་	ལྭ་	NO_POS
དཀ་	དཀའ་	VERB
ར་	ལ་	PART
ཚང་	ཚང་	VERB
ཇེ་	ཇེ་	OTHER
རྒྱ་	རྒྱ་	VERB
ཇེ་	ཇེ་	OTHER
ཕྱུག་	ཕྱུག་	VERB
ཏུ་	ལ་	PART
གྱུར་	གྱུར་	VERB
ན་	ནས་	PART
།		PUNCT
བོད་	བོད་	PROPN
ཀྱི་	གི་	PART
རི་	རི་	NOUN
སུ་	སུ་	ADP
མ་	མ་	PART
ཆད་པ་	ཆད་པ་	VERB
འི་	གི་	PART
བསྟན་པ་	བསྟན་པ་	VERB
འི་	གི་	PART
སྦྱིན་བདག་	སྦྱིན་བདག་	NOUN
ཆེན་པོ་	ཆེན་པོ་	ADJ
ར་	ལ་	PART
གྱུར་	གྱུར་	VERB
།		PUNCT
རྙིང་མ་	རྙིང་མ་	OTHER
ལ་	ལ་	ADP
མཚོན་	མཚོན་	NOUN
ན་	ན་	ADP
།		PUNCT
སྟོད་	སྟོད་	NOUN
ན་	ན་	ADP
རྡོ་	རྡོ་	NOUN
སྨིན་	སྨིན་	VERB
གཉིས་	གཉིས་	NUM
།		PUNCT
བ་	བ་	NOUN
ན་	ན་	ADP
ཞེ་	ཞེ་	PART
རྫོགས་	རྫོགས་	VERB
གཉིས་	གཉིས་	NUM
།		PUNCT
སྨད་	སྨད་	NOUN
ན་	ན་	ADP
ཀ་	ཀ་	DET
དཔལ་	དཔལ་	OTHER
གཉིས་	གཉིས་	NUM
གཙོ་བོ་	གཙོ་བོ་	ADJ
ར་	ལ་	PART
གྱུར་པ་	གྱུར་པ་	VERB
འི་	གི་	PART
རྙིང་	རྙིང་	NO_POS
དགོན་	དགོན་	OTHER
ཡོད་	ཡོད་	VERB
རིགས་	རིགས་	NOUN
།		PUNCT
ལྷག་པ་		
དུ་	ལ་	PART
རྫོགས་ཆེན་	རྫོགས་ཆེན་	NOUN
པདྨ་	པདྨ་	NOUN
རིག་འཛིན་	རིག་འཛིན་	OTHER
ན་	ནས་	PART
བརྒྱུད་པ་	བརྒྱུད་པ་	VERB
འི་	གི་	PART
རྫོགས་ཆེན་	རྫོགས་ཆེན་	NOUN
གདན་རབས་	གདན་རབས་	NOUN
རིམ་བྱོན་	རིམ་བྱོན་	OTHER
།		PUNCT
ས་སྐྱ་	ས་སྐྱ་	PROPN
ལ་	ལ་	ADP
མཚོན་	མཚོན་	NOUN
ན་	ན་	ADP
།		PUNCT
ས་	ས་	ADP
ངོ་	ངོ་	PART
ར་	ལ་	PART
མཚའ་	མཚའ་	VERB
གསུམ་	གསུམ་	NUM
གྱི་	གི་	PART
གཙོ་	གཙོ་	NOUN
ས་པ་	ས་པ་	PART
འི་	གི་	PART
ས་སྐྱ་	ས་སྐྱ་	PROPN
འི་	གི་	PART
དགོན་པ་	དགོན་པ་	NOUN
དང་	དང་	NO_POS
བླ་སྤྲུལ་	བླ་སྤྲུལ་	NO_POS
ཡོད་དོ་ཅོག་	ཡོད་དོ་ཅོག་	NO_POS
བཀའ་	བཀའ་	NOUN
བརྒྱུད་	བརྒྱུད་	NO_POS
ལ་	ལ་	ADP
མཚོན་	མཚོན་	NOUN
ན་	ན་	ADP
།		PUNCT
རྒྱལ་བ་	རྒྱལ་བ་	NOUN
ཀརྨ་པ་	ཀརྨ་པ་	NO_POS
དང་	དང་	NO_POS
།		PUNCT
དཔལ་	དཔལ་	OTHER
སྤུང་	སྤུང་	NO_POS
སི་ཏུ་	སི་ཏུ་	PROPN
གཙོ་བོ་	གཙོ་བོ་	ADJ
ར་	ལ་	PART
གྱུར་པ་	གྱུར་པ་	VERB
འི་	གི་	PART
ཀ་		
འབྲུག་	འབྲུག་	NOUN
འབྲི་གུང་	འབྲི་གུང་	OTHER
སྟག་ལུང་	སྟག་ལུང་	OTHER
སོགས་	སོགས་	DET
ཀྱི་	གི་	PART
བླ་སྤྲུལ་	བླ་སྤྲུལ་	NO_POS
དགོན་	དགོན་	OTHER
ཁག་	ཁག་	NOUN
ཡོད་དོ་ཅོག་	ཡོད་དོ་ཅོག་	NO_POS
དེ་བཞིན་	དེ་བཞིན་	OTHER
དུ་	ལ་	PART
དགེ་	དགེ་	NOUN
ལུགས་	ལུགས་	NOUN
ཀྱི་	གི་	PART
སེ་	སེ་	NO_POS
ར་	ལ་	PART
འབྲས་	འབྲས་	NOUN
དགའ་	དགའ་	VERB
གསུམ་	གསུམ་	NUM
གྱི་	གི་	PART
གཙོ་	གཙོ་	NOUN
ས་པ་	ས་པ་	PART
འི་	གི་	PART
དགེ་	དགེ་	NOUN
ལྡན་	ལྡན་	VERB
གྱི་	གི་	PART
རིང་ལུགས་	རིང་ལུགས་	OTHER
འཛིན་པ་	འཛིན་པ་	VERB
མཐའ་དག་	མཐའ་དག་	DET
སྟེ་	སྟེ་	PART
།		PUNCT
མདོར་ན་	མདོར་ན་	NO_POS
བོད་	བོད་	PROPN
ཁ་བ་	ཁ་བ་	NOUN
འི་	གི་	PART
ལྗོངས་	ལྗོངས་	NOUN
ཀྱི་	གི་	PART
དགོན་པ་	དགོན་པ་	NOUN
ཆེ་ཕྲ་	ཆེ་ཕྲ་	NO_POS
བཞུགས་	བཞུགས་	VERB
སོ་	སོ་	PART
འཚལ་	འཚལ་	VERB
ལ་	ལ་	ADP
གཏན་	གཏན་	NOUN
འཇག་	འཇག་	NO_POS
གི་	གི་	PART
བཞག་པ་	བཞག་པ་	VERB
རེ་	རེ་	DET
མ་	མ་	PART
གནང་བ་	གནང་བ་	NO_POS
རྩ་བ་	རྩ་བ་	NOUN
ན་	ནས་	PART
མེད་	མེད་	VERB
ཅེས་	ཅེས་	PART
།		PUNCT
དཔེར་ན་	དཔེར་ན་	NO_POS
།		PUNCT
རྫ་རི་	རྫ་རི་	PROPN
མགུལ་	མགུལ་	NOUN
དགོན་	དགོན་	OTHER
ཞེས་་	ཞེས་པ་	PART
འི་	གི་	PART
ལུང་ཁུག་	ལུང་ཁུག་	NO_POS
གི་	གི་	PART
བཀའ་	བཀའ་	NOUN
བརྒྱུད་པ་	བརྒྱུད་པ་	VERB
འི་	གི་	PART
དགོན་	དགོན་	OTHER
ཆུང་	ཆུང་	VERB
དེ་	དེ་	DET
ར་	ལ་	PART
ཡང་	ཀྱང་	PART
།		PUNCT
ལྭ་	ལྭ་	NO_POS
དཀ་	དཀའ་	VERB
ར་	ལ་	PART
བྲོ་མ་	བྲོ་མ་	NO_POS
ཞེ་	ཅེས་	PART
སྒྲུབ་མཆོད་	སྒྲུབ་མཆོད་	OTHER
སྐབས་	སྐབས་	NOUN
བྲོ་མ་	བྲོ་མ་	NO_POS
ཞིག་	ཅིག་	PART
རྒྱུན་	རྒྱུན་	NOUN
འཇག་	འཇག་	NO_POS
གི་	གི་	PART
རྟེན་	རྟེན་	NOUN
རྩ་	རྩ་	NUM
ནམ་ཡང་	ནམ་ཡང་	OTHER
ཆད་	ཆད་	VERB
དུ་	ལ་	PART
མེད་པ་	མེད་པ་	VERB
ཞིག་	ཅིག་	PART
བཙུགས་	བཙུགས་	NO_POS
གནང་	གནང་	NO_POS
ཡོད་པ་	ཡོད་པ་	VERB
ལྟ་བུ་	ལྟ་བུ་	NOUN
།		PUNCT
རྟེན་	རྟེན་	NOUN
བཞེངས་	བཞེངས་	NO_POS
སམ་	གམ་	PART
བཞག་	བཞག་	VERB
སྒོ་	སྒོ་	NOUN
སྣ་	སྣ་	NOUN
རེ་	རེ་	DET
མ་	མ་	PART
མཛད་པ་	མཛད་པ་	VERB
འི་	གི་	PART
དགོན་པ་	དགོན་པ་	NOUN
བོད་	བོད་	PROPN
གངས་ཅན་	གངས་ཅན་	ADJ
གྱི་	གི་	PART
ལྗོངས་	ལྗོངས་	NOUN
སུ་	སུ་	ADP
གཅིག་	གཅིག་	NUM
ཀྱང་	ཀྱང་	PART
ལུས་པ་	ལུས་པ་	VERB
མེད་པ་	མེད་པ་	VERB
ར་	ལ་	PART
གྲག་	གྲག་	VERB
།		PUNCT
ལྭ་	ལྭ་	NO_POS
དཀ་	དཀའ་	VERB
ར་	ལ་	PART
གོང་མ་	གོང་མ་	ADJ
མང་པོ་	མང་པོ་	ADJ
ཞིག་	ཅིག་	PART
གི་	གི་	PART
ལོ་རྒྱུས་	ལོ་རྒྱུས་	NOUN
དང་	དང་	NO_POS
མཛད་	མཛད་	VERB
རྗེས་	རྗེས་	NOUN
ཕྲ་ཞིབ་	ཕྲ་ཞིབ་	NO_POS
ལྟ་ཞོག་	ལྟ་ཞོག་	NO_POS
མཚན་	མཚན་	NOUN
ཙམ་	ཙམ་	DET
ཡང་	ཀྱང་	PART
དྲན་	དྲན་	VERB
མཁན་	མཁན་	PROPN
ད་ལྟ་	ད་ལྟ་	OTHER
མ་	མ་	PART
བཞུགས་	བཞུགས་	VERB
ཀྱང་	ཀྱང་	PART
།		PUNCT
འདི་	འདི་	DET
ན་	ནས་	PART
ཕ་		
མི་	མི་	PART
རབས་	རབས་	NOUN
གསུམ་	གསུམ་	NUM
བཞི་	བཞི་	NUM
ཙམ་	ཙམ་	DET
དྲན་	དྲན་	VERB
ཚོད་	ཚོད་	NOUN
ཅིག་	ཅིག་	PART
ཞུ་	ཞུ་	VERB
ན་	ན་	ADP
།		PUNCT
ནོར་	ནོར་	NOUN
གྱི་	གི་	PART
བདག་པོ་	བདག་པོ་	NOUN
ཛམྦྷ་		NON_WORD
ལ་	ལ་	ADP
འི་	གི་	PART
སྤྲུལ་པ་	སྤྲུལ་པ་	VERB
ར་	ལ་	PART
གྲགས་པ་	གྲགས་པ་	VERB
ལྭ་	ལྭ་	NO_POS
དཀར་འཇམ་	དཀར་འཇམ་	NO_POS
དབྱངས་	དབྱངས་	NOUN
དང་	དང་	NO_POS
དེ་	དེ་	DET
འི་	གི་	PART
སྐུ་མཆེད་	སྐུ་མཆེད་	NOUN
ཀ་	ཀ་	DET
ལུ་	ལུ་	NO_POS
གཉིས་	གཉིས་	NUM
ལ་	ལ་	ADP
།		PUNCT
གཞི་བདག་	གཞི་བདག་	NOUN
གདོང་ཆེན་	གདོང་ཆེན་	NO_POS
ཉ་	ཉ་	NOUN
ཉ་	ཉ་	NOUN
འི་	གི་	PART
སྲས་མོ་	སྲས་མོ་	NOUN
ར་	ལ་	PART
གྲགས་པ་	གྲགས་པ་	VERB
འི་	གི་	PART
བུ་མོ་	བུ་མོ་	NOUN
གཞན་	གཞན་	DET
དང་	དང་	NO_POS
མ་	མ་	PART
འདྲ་བ་	འདྲ་བ་	VERB
ཕྱག་	ཕྱག་	NOUN
གཡས་པ་	གཡས་པ་	VERB
འི་	གི་	PART
སྟེང་	སྟེང་	NOUN
དུ་	ལ་	PART
ཉ་	ཉ་	NOUN
འི་	གི་	PART
རི་མོ་	རི་མོ་	NOUN
རང་བྱོན་	རང་བྱོན་	ADJ
དུ་ཡོད་པ་	དུ་ཡོད་པ་	NO_POS
རྒྱ་མཚོ་	རྒྱ་མཚོ་	NOUN
སྒྲོན་མ་	སྒྲོན་མ་	NOUN
ཞེས་་	ཞེས་པ་	PART
དེ་	དེ་	DET
ཁབ་	ཁབ་	NOUN
ཏུ་	ལ་	PART
བསུས་པ་	བསུས་པ་	NO_POS
འི་	གི་	PART
དུས་	དུས་	NOUN
དེ་	དེ་	DET
ར་	ལ་	PART
ལྭ་	ལྭ་	NO_POS
དཀ་	དཀའ་	VERB
ར་	ལ་	PART
ཚང་	ཚང་	VERB
ཧ་	ཧ་	NOUN
ཀྱང་	ཀྱང་	PART
གི་	གི་	PART
དར་རྒྱས་	དར་རྒྱས་	NOUN
ཆེ་བ་	ཆེ་བ་	VERB
ར་	ལ་	PART
བྱུང་	བྱུང་	VERB
།		PUNCT
དེ་	དེ་	DET
གཉིས་	གཉིས་	NUM
ཀྱི་	གི་	PART
སྲ་	སྲ་	NOUN
མགོན་མེད་	མགོན་མེད་	NOUN
ཟ་	ཟ་	NOUN
སྦྱིན་	སྦྱིན་	VERB
གྱི་	གི་	PART
སྐྱེ་བ་	སྐྱེ་བ་	VERB
ར་	ལ་	PART
གྲགས་པ་	གྲགས་པ་	VERB
ཡ་	ཡ་	NOUN
ཧོ་	ཧོ་	NO_POS
དང་	དང་	NO_POS
ཚོགས་	ཚོགས་	NOUN
ཧོ་	ཧོ་	NO_POS
ཞེས་་	ཞེས་པ་	PART
གཉིས་	གཉིས་	NUM
བྱུང་	བྱུང་	VERB
ཞིང་	ཞིང་	SCONJ
།		PUNCT
འདི་	འདི་	DET
གཉིས་	གཉིས་	NUM
ཀྱི་	གི་	PART
དུས་	དུས་	NOUN
སུ་	སུ་	ADP
།		PUNCT
མེད་	མེད་	VERB
སྤང་	སྤང་	VERB
ན་	ནས་	PART
མཆོད་སྦྱིན་	མཆོད་སྦྱིན་	NOUN
རྒྱ་ཆེན་པོ་	རྒྱ་ཆེན་པོ་	ADJ
བསམ་བརྗོད་	བསམ་བརྗོད་	NO_POS
ལ་	ལ་	ADP
ས་	གིས་	PART
འདས་པ་	འདས་པ་	VERB
མཛད་	མཛད་	VERB
།		PUNCT
འདི་	འདི་	DET
གཉིས་	གཉིས་	NUM
ནི་	ནི་	NO_POS
མཁྱེན་	མཁྱེན་	VERB
ཀོང་	ཀོང་	NO_POS
མཆོག་	མཆོག་	ADJ
གསུམ་	གསུམ་	NUM
རྫ་	རྫ་	NOUN
དཔལ་	དཔལ་	OTHER
སྤྲུལ་	སྤྲུལ་	VERB
དང་	དང་	NO_POS
མི་	མི་	PART
ཕམ་	ཕམ་	NO_POS
རིན་པོ་ཆེ་	རིན་པོ་ཆེ་	ADJ
སོགས་	སོགས་	DET
ཀྱི་	གི་	PART
དུས་	དུས་	NOUN
མཚུངས་	མཚུངས་	VERB
སུ་	སུ་	ADP
ཕེབས་	ཕེབས་	NO_POS
།		PUNCT
དེ་དག་	དེ་དག་	OTHER
གཙོ་	གཙོ་	NOUN
ས་	གིས་	PART
ཆོས་ལུགས་	ཆོས་ལུགས་	NOUN
རི་	རི་	NOUN
སུ་	སུ་	ADP
མ་	མ་	PART
ཆད་པ་	ཆད་པ་	VERB
འི་	གི་	PART
བླ་སྤྲུལ་	བླ་སྤྲུལ་	NO_POS
དགོན་སྡེ་	དགོན་སྡེ་	OTHER
མཐའ་དག་	མཐའ་དག་	DET
དང་	དང་	NO_POS
དབུལ་	དབུལ་	NO_POS
སྤྲང་	སྤྲང་	NO_POS
ནང་པ་	ནང་པ་	NOUN
ཉམ་ཆུང་	ཉམ་ཆུང་	ADJ
ཡོད་དོ་ཅོག་	ཡོད་དོ་ཅོག་	NO_POS
ལ་	ལ་	ADP
གང་	གང་	NO_POS
ལ་	ལ་	ADP
གང་	གང་	NO_POS
དགོས་	དགོས་	VERB
ཀྱི་	གི་	PART
ཡོད་པ་	ཡོད་པ་	VERB
ཡིད་བཞིན་	ཡིད་བཞིན་	OTHER
དུ་	ལ་	PART
བསྐངས་	བསྐངས་	NO_POS
བ་	བ་	NOUN
མཛད་	མཛད་	VERB
།		PUNCT
འདི་	འདི་	DET
ཡབ་	ཡབ་	NOUN
སྲ་	སྲ་	NOUN
ཀྱི་	གི་	PART
དུས་	དུས་	NOUN
སུ་	སུ་	ADP
རྒྱ་ནག་	རྒྱ་ནག་	PROPN
དང་	དང་	NO_POS
བོད་	བོད་	PROPN
ཀྱི་	གི་	PART
བ་	བ་	NOUN
ལ་	ལ་	ADP
ཚོང་	ཚོང་	NOUN
འབྲེལ་	འབྲེལ་	VERB
ཆེན་པོ་	ཆེན་པོ་	ADJ
གནང་	གནང་	NO_POS
ཞིང་	ཞིང་	SCONJ
གསེར་དངུལ་	གསེར་དངུལ་	NOUN
སོགས་	སོགས་	DET
མེ་འཁོར་	མེ་འཁོར་	OTHER
བརྒྱ་	བརྒྱ་	NUM
ཕྲག་	ཕྲག་	NUM
མང་པོ་	མང་པོ་	ADJ
རེ་	རེ་	DET
རྒྱུད་	རྒྱུད་	NOUN
ཀྱི་	གི་	PART
འབབ་ཚུགས་	འབབ་ཚུགས་	NO_POS
རྣམས་	རྣམས་	DET
སུ་	སུ་	ADP
དབེར་		NON_WORD
འདྲེན་བྱེད་པ་	འདྲེན་བྱེད་པ་	OTHER
འི་	གི་	PART
ལོ་རྒྱུས་	ལོ་རྒྱུས་	NOUN
ཡོད་	ཡོད་	VERB
།		PUNCT
ཡ་	ཡ་	NOUN
ཧོ་	ཧོ་	NO_POS
དང་	དང་	NO_POS
ཚོགས་	ཚོགས་	NOUN
ཧོ་	ཧོ་	NO_POS
གཉིས་	གཉིས་	NUM
ལ་	ལ་	ADP
ཨ་	ཨ་	X
གདུགས་	གདུགས་	NOUN
ཚང་	ཚང་	VERB
གི་	གི་	PART
སྲས་མོ་	སྲས་མོ་	NOUN
མཁའ་འགྲོ་	མཁའ་འགྲོ་	NOUN
འི་	གི་	PART
མཚན་ལྡན་	མཚན་ལྡན་	ADJ
ཚེ་རིང་	ཚེ་རིང་	NOUN
ལྷ་མོ་	ལྷ་མོ་	NOUN
མདུན་མ་	མདུན་མ་	NO_POS
ར་	ལ་	PART
བཞེས་	བཞེས་	VERB
།		PUNCT
ཁོང་	ཁོང་	PRON
ནི་	ནི་	NO_POS
བཀའ་	བཀའ་	NOUN
བརྒྱུད་	བརྒྱུད་	NO_POS
བསྟན་པ་	བསྟན་པ་	VERB
འི་	གི་	PART
གཙུག་	གཙུག་	NOUN
རྒྱན་	རྒྱན་	NOUN
།		PUNCT
རང་ཅག་	རང་ཅག་	PRON
རྣམས་	རྣམས་	DET
ཀྱི་	གི་	PART
སྐྱབས་གནས་	སྐྱབས་གནས་	NOUN
བཀའ་དྲིན་	བཀའ་དྲིན་	NOUN
མཚུངས་པ་	མཚུངས་པ་	VERB
མེད་པ་	མེད་པ་	VERB
		
རྒྱལ་དབང་	རྒྱལ་དབང་	NOUN
ཀརྨ་པ་	ཀརྨ་པ་	NO_POS
བཅུ་དྲུག་	བཅུ་དྲུག་	NO_POS
རིག་པ་	རིག་པ་	VERB
འི་	གི་	PART
རྡོ་རྗེ་	རྡོ་རྗེ་	NOUN
ཞབས་	ཞབས་	NOUN
ཀྱི་	གི་	PART
ཨ་ནེ་	ཨ་ནེ་	NOUN
ཡིན་པ་	ཡིན་པ་	AUX
རེད་	རེད་	VERB
།		PUNCT
འདི་དུས་	འདི་དུས་	NO_POS
སུ་	སུ་	ADP
		
གོང་ས་	གོང་ས་	OTHER
ལྷ་	ལྷ་	NOUN
མི་	མི་	PART
འི་	གི་	PART
རྣམ་འདྲེན་	རྣམ་འདྲེན་	OTHER
སྐྱབས་མགོན་	སྐྱབས་མགོན་	PROPN
རྒྱལ་བ་	རྒྱལ་བ་	NOUN
འི་	གི་	PART
དབང་པོ་	དབང་པོ་	NOUN
སོགས་	སོགས་	DET
ལ་	ལ་	ADP
བཀའ་སློབ་	བཀའ་སློབ་	OTHER
ཞུས་པ་	ཞུས་པ་	VERB
ས་	གིས་	PART
།		PUNCT
ད་ནི་	ད་ནི་	NO_POS
དུས་	དུས་	NOUN
ཀྱི་	གི་	PART
མཐའ་མ་	མཐའ་མ་	NOUN
རེད་	རེད་	VERB
།		PUNCT
བསོགས་པ་	བསོགས་པ་	VERB
ཆོས་ཕྱོགས་	ཆོས་ཕྱོགས་	NO_POS
སུ་	སུ་	ADP
ཐོང་	ཐོང་	VERB
ཞེ་	ཅེས་	PART
བསྐུལ་མ་	བསྐུལ་མ་	NOUN
བྱུང་བ་	བྱུང་བ་	VERB
ལྟ་	ལྟ་	OTHER
།		PUNCT
བསོགས་པ་	བསོགས་པ་	VERB
རྒྱུ་ནོར་	རྒྱུ་ནོར་	OTHER
ཡོད་དོ་ཅོག་	ཡོད་དོ་ཅོག་	NO_POS
དུམ་པ་	དུམ་པ་	NO_POS
གཉིས་	གཉིས་	NUM
སུ་	སུ་	ADP
བགོས་	བགོས་	VERB
ཏེ་	སྟེ་	PART
གཅིག་	གཅིག་	NUM
ཆོས་ཕྱོགས་	ཆོས་ཕྱོགས་	NO_POS
སུ་	སུ་	ADP
བཏང་	བཏང་	VERB
།		PUNCT
འོན་ཀྱང་	འོན་ཀྱང་	NO_POS
ལས་འབྲས་	ལས་འབྲས་	NOUN
བསླུ་བ་	བསླུ་བ་	VERB
མེད་པ་	མེད་པ་	VERB
འི་	གི་	PART
དགེ་མཚན་	དགེ་མཚན་	OTHER
གྱིས་	གིས་	PART
ཇི་ཙམ་	ཇི་ཙམ་	PRON
བཏང་	བཏང་	VERB
ཡང་	ཀྱང་	PART
མ་རྩ་	མ་རྩ་	OTHER
ཇེ་	ཇེ་	OTHER
ཆེ་	ཆེ་	VERB
ར་	ལ་	PART
གྱུར་པ་	གྱུར་པ་	VERB
ལ་	ལ་	ADP
ས་	གིས་	PART
ཆུང་	ཆུང་	VERB
དུ་མ་	དུ་མ་	ADJ
སོང་བ་	སོང་བ་	VERB
ས་	གིས་	PART
།		PUNCT
ལྭ་	ལྭ་	NO_POS
དཀ་	དཀའ་	VERB
ར་	ལ་	PART
ཚང་	ཚང་	VERB
གི་	གི་	PART
གསེར་	གསེར་	NOUN
ལ་	ལ་	ADP
གསེར་	གསེར་	NOUN
ཕྲུག་	ཕྲུག་	NOUN
དང་	དང་	NO_POS
དངུལ་	དངུལ་	NOUN
ལ་	ལ་	ADP
དངུལ་	དངུལ་	NOUN
ཕྲུག་	ཕྲུག་	NOUN
བཞག་	བཞག་	VERB
གི་	གི་	PART
འདུག་	འདུག་	VERB
ཅེས་པ་	ཅེས་པ་	PART
འི་	གི་	PART
སྐད་གྲག་	སྐད་གྲག་	NO_POS
ཀྱང་	ཀྱང་	PART
བྱུང་	བྱུང་	VERB
འདུག་	འདུག་	VERB
དེང་སྐབས་	དེང་སྐབས་	NO_POS
སུ་	སུ་	ADP
།		PUNCT
རྙིང་མ་	རྙིང་མ་	OTHER
འི་	གི་	PART
དགོན་པ་	དགོན་པ་	NOUN
ཡོད་དོ་ཅོག་	ཡོད་དོ་ཅོག་	NO_POS
ལ་	ལ་	ADP
མཁན་སློབ་	མཁན་སློབ་	NOUN
ཆོ་	ཆོ་	NOUN
གསུམ་	གསུམ་	NUM
གྱི་	གི་	PART
སྐུ་	སྐུ་	NOUN
རེ་	རེ་	DET
།		PUNCT
བཀའ་	བཀའ་	NOUN
རྒྱུད་	རྒྱུད་	NOUN
ཀྱི་	གི་	PART
དགོན་པ་	དགོན་པ་	NOUN
ཡོད་དོ་ཅོག་	ཡོད་དོ་ཅོག་	NO_POS
ལ་མ་	ལ་མ་	NO_POS
ར་	ལ་	PART
མི་	མི་	PART
དྭགས་	དྭགས་	NO_POS
གསུམ་	གསུམ་	NUM
གྱི་	གི་	PART
སྐུ་	སྐུ་	NOUN
རེ་	རེ་	DET
།		PUNCT
ས་སྐྱ་པ་	ས་སྐྱ་པ་	PROPN
འི་	གི་	PART
དགོན་པ་	དགོན་པ་	NOUN
ཡོད་དོ་ཅོག་	ཡོད་དོ་ཅོག་	NO_POS
ལ་	ལ་	ADP
གོང་མ་	གོང་མ་	ADJ
རྣམ་	རྣམ་	NOUN
ལྔ་	ལྔ་	NUM
འི་	གི་	PART
སྐུ་	སྐུ་	NOUN
རེ་	རེ་	DET
།		PUNCT
དགེ་	དགེ་	NOUN
ལྡན་	ལྡན་	VERB
གྱི་	གི་	PART
དགོན་པ་	དགོན་པ་	NOUN
ཡོད་དོ་ཅོག་	ཡོད་དོ་ཅོག་	NO_POS
ལ་	ལ་	ADP
རྗེ་	རྗེ་	NO_POS
ཡབ་	ཡབ་	NOUN
སྲ་	སྲ་	NOUN
གསུམ་	གསུམ་	NUM
གྱི་	གི་	PART
སྐུ་	སྐུ་	NOUN
རེ་	རེ་	DET
བཞེངས་	བཞེངས་	NO_POS
རྒྱུ་	རྒྱུ་	NOUN
འི་	གི་	PART
འཆར་གཞི་	འཆར་གཞི་	OTHER
མཛད་	མཛད་	VERB
དེ་	དེ་	DET
།		PUNCT
ཁམས་	ཁམས་	NOUN
རུ་	ལ་	PART
དམ་	དམ་	PART
རྫོགས་ཆེན་	རྫོགས་ཆེན་	NOUN
དགོན་	དགོན་	OTHER
དུ་	ལ་	PART
མཁན་སློབ་	མཁན་སློབ་	NOUN
ཆོ་	ཆོ་	NOUN
གསུམ་	གསུམ་	NUM
གྱི་	གི་	PART
སྐུ་	སྐུ་	NOUN
གསེར་ཟངས་	གསེར་ཟངས་	NO_POS
ལ་	ལ་	ADP
ས་	གིས་	PART
གྲུབ་པ་	གྲུབ་པ་	VERB
།		PUNCT
གཙོ་བོ་	གཙོ་བོ་	ADJ
བཀྲ་ཤིས་	བཀྲ་ཤིས་	NOUN
ལྷུན་པོ་	ལྷུན་པོ་	OTHER
འི་	གི་	PART
བྱམས་ཆེན་	བྱམས་ཆེན་	PROPN
དང་	དང་	NO_POS
ཆ་	ཆ་	NOUN
ཚད་	ཚད་	NOUN
མཚུངས་པ་	མཚུངས་པ་	VERB
ཞིག་	ཅིག་	PART
བཞེངས་	བཞེངས་	NO_POS
།		PUNCT
དེ་	དེ་	DET
ར་	ལ་	PART
མ་ཟད་	མ་ཟད་	NO_POS
།		PUNCT
གུ་རུ་	གུ་རུ་	PROPN
ལ་	ལ་	ADP
མགུལ་རྒྱན་	མགུལ་རྒྱན་	NOUN
རིམ་པ་	རིམ་པ་	NOUN
ལྔ་	ལྔ་	NUM
དང་	དང་	NO_POS
ཆོས་རྒྱལ་	ཆོས་རྒྱལ་	NOUN
ལ་	ལ་	ADP
གསུམ་	གསུམ་	NUM
ཕུལ་བ་	ཕུལ་བ་	VERB
ས་	གིས་	PART
།		PUNCT
རྗེས་སོར་	རྗེས་སོར་	NO_POS
རྫོགས་ཆེན་	རྫོགས་ཆེན་	NOUN
དགོན་པ་	དགོན་པ་	NOUN
མེ་	མེ་	NOUN
ར་	ལ་	PART
ཤོ་	ཤོ་	NOUN
ར་	ལ་	PART
སྐབས་	སྐབས་	NOUN
གུ་རུ་	གུ་རུ་	PROPN
མཐོ་	མཐོ་	VERB
དྲག་པ་	དྲག་པ་	VERB
ས་	གིས་	PART
མགུལ་རྒྱན་	མགུལ་རྒྱན་	NOUN
རྣམས་	རྣམས་	DET
བཀྲོལ་	བཀྲོལ་	VERB
མ་	མ་	PART
ཐུབ་	ཐུབ་	VERB
ཀྱང་	ཀྱང་	PART
།		PUNCT
ཆོས་རྒྱལ་	ཆོས་རྒྱལ་	NOUN
ཁྲི་	ཁྲི་	NUM
སྲོང་	སྲོང་	NO_POS
ལྡེའུ་	ལྡེའུ་	OTHER
བཙན་	བཙན་	VERB
གྱི་	གི་	PART
མགུལ་རྒྱན་	མགུལ་རྒྱན་	NOUN
དེ་	དེ་	DET
བཏོན་	བཏོན་	NO_POS
ཐུབ་པ་	ཐུབ་པ་	VERB
བྱུང་བ་	བྱུང་བ་	VERB
ས་	གིས་	PART
།		PUNCT
རྗེས་མ་	རྗེས་མ་	NO_POS
དེ་ཉིད་	དེ་ཉིད་	NOUN
ཀྱིས་	གིས་	PART
རྫོགས་ཆེན་	རྫོགས་ཆེན་	NOUN
དགོན་པ་	དགོན་པ་	NOUN
གས་	གསའ་	NO_POS
ར་	ལ་	PART
བཞེངས་	བཞེངས་	NO_POS
ཀྱི་	གི་	PART
རྟེན་	རྟེན་	NOUN
རྩ་	རྩ་	NUM
བྱེད་	བྱེད་	VERB
ཐུབ་པ་	ཐུབ་པ་	VERB
བྱུང་	བྱུང་	VERB
འདུག་	འདུག་	VERB
དེ་	དེ་	DET
ར་	ལ་	PART
མ་ཟད་	མ་ཟད་	NO_POS
།		PUNCT
ཉེ་བ་	ཉེ་བ་	VERB
འི་	གི་	PART
སྲ་	སྲ་	NOUN
ཆེན་	ཆེན་	NO_POS
བརྒྱད་	བརྒྱད་	NUM
།		PUNCT
ཞི་	ཞི་	VERB
ཁྲོ་	ཁྲོ་	VERB
དམ་པ་	དམ་པ་	VERB
རི་	རི་	NOUN
བརྒྱ་	བརྒྱ་	NUM
།		PUNCT
གུ་རུ་	གུ་རུ་	PROPN
སྟོང་	སྟོང་	NUM
སྐུ་	སྐུ་	NOUN
།		PUNCT
སངས་རྒྱས་	སངས་རྒྱས་	NOUN
སྟོང་	སྟོང་	NUM
སྐུ་	སྐུ་	NOUN
།		PUNCT
ཚེ་	ཚེ་	NOUN
ལྷ་	ལྷ་	NOUN
རྣམ་	རྣམ་	NOUN
གསུམ་	གསུམ་	NUM
ལ་སོགས་པ་	ལ་སོགས་པ་	NO_POS
འི་	གི་	PART
སྐུ་འདྲ་	སྐུ་འདྲ་	NO_POS
དང་	དང་	NO_POS
།		PUNCT
དེ་དག་	དེ་དག་	OTHER
བཞུགས་	བཞུགས་	VERB
ས་	ས་	ADP
འི་	གི་	PART
ལྷ་ཁང་	ལྷ་ཁང་	NOUN
།		PUNCT
དེ་ལས་	དེ་ལས་	NO_POS
གཞན་	གཞན་	DET
དུ་	ལ་	PART
གསེར་དངུལ་	གསེར་དངུལ་	NOUN
ལ་	ལ་	ADP
ས་	གིས་	PART
བྱས་པ་	བྱས་པ་	VERB
འི་	གི་	PART
མཆོད་ཆས་	མཆོད་ཆས་	NO_POS
སོགས་	སོགས་	DET
ཀྱང་	ཀྱང་	PART
ཧ་	ཧ་	NOUN
ཀྱང་	ཀྱང་	PART
མང་པོ་	མང་པོ་	ADJ
འབུལ་	འབུལ་	NO_POS
གནང་	གནང་	NO_POS
མཛད་	མཛད་	VERB
ཡོད་	ཡོད་	VERB
།		PUNCT
དེ་	དེ་	DET
ནི་	ནི་	NO_POS
རྫོགས་ཆེན་	རྫོགས་ཆེན་	NOUN
དགོན་པ་	དགོན་པ་	NOUN
ཁོ་ན་	ཁོ་ན་	DET
ལ་	ལ་	ADP
བཞག་པ་	བཞག་པ་	VERB
དང་	དང་	NO_POS
།		PUNCT
དེ་	དེ་	DET
དང་	དང་	NO_POS
ཆ་	ཆ་	NOUN
མཚུངས་པ་	མཚུངས་པ་	VERB
འི་	གི་	PART
རྟེན་	རྟེན་	NOUN
བཞེངས་	བཞེངས་	NO_POS
དགོན་པ་	དགོན་པ་	NOUN
གཞན་དག་	གཞན་དག་	NO_POS
ལ་	ལ་	ADP
བཞག་པ་	བཞག་པ་	VERB
རྣམས་	རྣམས་	DET
བརྗོད་	བརྗོད་	VERB
ཀྱི་	གི་	PART
གང་	གང་	NO_POS
ལ་	ལ་	ADP
ལངས་	ལངས་	VERB
།		PUNCT
མདོར་ན་	མདོར་ན་	NO_POS
བོད་	བོད་	PROPN
ཆེན་	ཆེན་	NO_POS
མོ་	མོ་	PRON
སྤྱི་	སྤྱི་	DET
དང་	དང་	NO_POS
ལྷག་པ་		
ཁམས་	ཁམས་	NOUN
ཕྱོགས་	ཕྱོགས་	NOUN
ཀྱི་	གི་	PART
དགོན་སྡེ་	དགོན་སྡེ་	OTHER
བླ་སྤྲུལ་	བླ་སྤྲུལ་	NO_POS
སུ་	སུ་	ADP
ལ་	ལ་	ADP
ཡང་	ཀྱང་	PART
ཞལ་འདེབས་	ཞལ་འདེབས་	NO_POS
དང་	དང་	NO_POS
སྦྱིན་བདག་	སྦྱིན་བདག་	NOUN
ཞུ་	ཞུ་	VERB
དགོས་པ་	དགོས་པ་	VERB
ཡོད་ཚད་	ཡོད་ཚད་	VERB
ཐོག་མ་	ཐོག་མ་	NOUN
ར་	ལ་	PART
ལྭ་	ལྭ་	NO_POS
དཀ་	དཀའ་	VERB
ར་	ལ་	PART
ཚང་	ཚང་	VERB
ལ་	ལ་	ADP
འབྲེལ་བ་	འབྲེལ་བ་	VERB
བྱེད་	བྱེད་	VERB
ཀྱི་	གི་	PART
ཡོད་འདུག་	ཡོད་འདུག་	NO_POS
དེ་	དེ་	DET
དང་	དང་	NO_POS
འདྲ་བ་	འདྲ་བ་	VERB
མི་	མི་	PART
མང་	མང་	VERB
ལ་	ལ་	ADP
ཕན་པ་	ཕན་པ་	VERB
འི་	གི་	PART
ཆེད་	ཆེད་	NOUN
དུ་	ལ་	PART
ཡང་	ཀྱང་	PART
།		PUNCT
ཟ་	ཟ་	NOUN
མེད་པ་	མེད་པ་	VERB
ལ་	ལ་	ADP
ཟ་	ཟ་	NOUN
།		PUNCT
གོ་	གོ་	NOUN
མེད་པ་	མེད་པ་	VERB
ལ་	ལ་	ADP
གོ་	གོ་	NOUN
།		PUNCT
ནད་པ་	ནད་པ་	NOUN
ལ་སྨན་	ལ་སྨན་	NO_POS
།		PUNCT
ཆད་པ་	ཆད་པ་	VERB
ས་	གིས་	PART
མནར་བ་	མནར་བ་	VERB
ལ་	ལ་	ADP
སྲོག་	སྲོག་	NOUN
གི་	གི་	PART
སྦྱིན་པ་	སྦྱིན་པ་	VERB
གཏོང་	གཏོང་	VERB
གནང་	གནང་	NO_POS
གི་	གི་	PART
ཡོད་པ་	ཡོད་པ་	VERB
།		PUNCT
དཔེར་ན་	དཔེར་ན་	NO_POS
།		PUNCT
སྐབས་	སྐབས་	NOUN
ཤིག་	ཅིག་	PART
ཏུ་	ལ་	PART
རྒྱ་ནག་	རྒྱ་ནག་	PROPN
གི་	གི་	PART
དཔོན་པོ་	དཔོན་པོ་	NOUN
ཞིག་	ཅིག་	PART
ལྷ་ས་	ལྷ་ས་	PROPN
ར་	ལ་	PART
གནས་	གནས་	NOUN
བསྐོར་	བསྐོར་	VERB
འགྲོ་བ་	འགྲོ་བ་	VERB
འི་	གི་	PART
ལམ་	གམ་	PART
དུ་	ལ་	PART
རྫ་ཡུལ་	རྫ་ཡུལ་	OTHER
གྱི་	གི་	PART
ནང་གསེས་	ནང་གསེས་	NOUN
ཨ་	ཨ་	X
རབ་	རབ་	ADV
ནང་	ནང་	NOUN
ཞེས་་	ཞེས་པ་	PART
དེ་	དེ་	DET
ར་	ལ་	PART
ཇག་པ་	ཇག་པ་	NOUN
ས་	གིས་	PART
བཅོམ་	བཅོམ་	VERB
ན་	ནས་	PART
བསད་	བསད་	NO_POS
སོང་བ་	སོང་བ་	VERB
།		PUNCT
རྗེས་སོར་	རྗེས་སོར་	NO_POS
རྒྱ་ནག་	རྒྱ་ནག་	PROPN
ན་	ནས་	PART
གྲོང་སྡེ་	གྲོང་སྡེ་	NO_POS
དེ་	དེ་	DET
འི་	གི་	PART
ཡུལ་མི་	ཡུལ་མི་	NOUN
མཐའ་དག་	མཐའ་དག་	DET
བཟུང་	བཟུང་	NO_POS
ན་	ནས་	PART
སྲོག་	སྲོག་	NOUN
ཐོག་	ཐོག་	NOUN
བཏང་	བཏང་	VERB
རྒྱུ་	རྒྱུ་	NOUN
འི་	གི་	PART
མཐའ་	མཐའ་	NOUN
བཅད་	བཅད་	VERB
ཟིན་པ་	ཟིན་པ་	VERB
ན་	ན་	ADP
།		PUNCT
ལྭ་	ལྭ་	NO_POS
དཀ་	དཀའ་	VERB
ར་	ལ་	PART
ཚང་	ཚང་	VERB
ན་	ནས་	PART
གསེར་སྲང་	གསེར་སྲང་	NO_POS
སྟོང་ཕྲག་	སྟོང་ཕྲག་	OTHER
ལྔ་	ལྔ་	NUM
སྤྲད་	སྤྲད་	NO_POS
ན་	ནས་	PART
མི་	མི་	PART
བརྒྱ་	བརྒྱ་	NUM
ཕྲག་	ཕྲག་	NUM
མང་པོ་	མང་པོ་	ADJ
སྲོག་	སྲོག་	NOUN
བསླུ་	བསླུ་	NO_POS
གནང་	གནང་	NO_POS
ཐུབ་པ་	ཐུབ་པ་	VERB
བྱུང་བ་	བྱུང་བ་	VERB
ལྟ་བུ་	ལྟ་བུ་	NOUN
རེད་	རེད་	VERB
།		PUNCT
དེ་	དེ་	DET
མཚུངས་	མཚུངས་	VERB
མདོ་སྨད་	མདོ་སྨད་	OTHER
དུ་	ལ་	PART
མུ་གེ་	མུ་གེ་	NOUN
ཚབ་	ཚབ་	NOUN
ཆེན་	ཆེན་	NO_POS
བྱུང་	བྱུང་	VERB
དུས་	དུས་	NOUN
འབྲུ་དང་	འབྲུ་དང་	NO_POS
ཟ་	ཟ་	NOUN
འབྱིན་	འབྱིན་	VERB
ན་	ནས་	PART
མུ་གེ་	མུ་གེ་	NOUN
མེད་པ་	མེད་པ་	VERB
ར་	ལ་	PART
མཛད་	མཛད་	VERB
འདུག་	འདུག་	VERB
ཅིང་	ཅིང་	PART
།		PUNCT
ཡང་	ཀྱང་	PART
།		PUNCT
བོད་	བོད་	PROPN
ཀྱི་	གི་	PART
ཁོང་	ཁོང་	PRON
ལ་	ལ་	ADP
མིན་པ་	མིན་པ་	VERB
ར་	ལ་	PART
སྤྱིར་བཏང་	སྤྱིར་བཏང་	OTHER
བོད་	བོད་	PROPN
ཀྱི་	གི་	PART
གཏམ་དཔེ་	གཏམ་དཔེ་	NOUN
ལ་	ལ་	ADP
བཤད་སྲོལ་	བཤད་སྲོལ་	OTHER
དུ་	ལ་	PART
།		PUNCT
རྒྱ་	རྒྱ་	NOUN
ཕྱུག་	ཕྱུག་	VERB
རྒྱ་ལ་	རྒྱ་ལ་	NO_POS
ས་	གིས་	PART
ཕྱུག་པ་	ཕྱུག་པ་	VERB
རེད་	རེད་	VERB
། །		PUNCT
རྒྱ་	རྒྱ་	NOUN
སྤྲང་	སྤྲང་	NO_POS
རྒྱ་ལ་	རྒྱ་ལ་	NO_POS
ས་	གིས་	PART
སྤྲང་པ་	སྤྲང་པ་	NO_POS
མེད་	མེད་	VERB
"།
།"		PUNCT
ཅེས་	ཅེས་	PART
ཟེར་བ་	ཟེར་བ་	VERB
ལྟ་	ལྟ་	OTHER
རྒྱག་	རྒྱག་	VERB
ནག་	ནག་	VERB
གི་	གི་	PART
ཇ་ཁུ་	ཇ་ཁུ་	NO_POS
ར་བ་	ར་བ་	PART
རྣམས་	རྣམས་	DET
བོད་	བོད་	PROPN
ཀྱི་	གི་	PART
ས་མཚམས་	ས་མཚམས་	NOUN
ད་	ད་	NOUN
རྩེ་	རྩེ་	NOUN
མདོ་	མདོ་	NOUN
ར་	ལ་	PART
འབྱོར་	འབྱོར་	VERB
སྐབས་	སྐབས་	NOUN
།		PUNCT
སྤྱི་		
དེ་དག་	དེ་དག་	OTHER
ཉམ་	ཉམ་	NOUN
ཆུ་	ཆུ་	NOUN
སྤྲང་པོ་	སྤྲང་པོ་	NOUN
ཡིན་པ་	ཡིན་པ་	AUX
དང་	དང་	NO_POS
།		PUNCT
ལྷག་པ་		
རྒྱ་ནག་	རྒྱ་ནག་	PROPN
ཏུ་	ལ་	PART
ས་	ས་	ADP
ཚ་	ཚ་	VERB
འི་	གི་	PART
དབང་	དབང་	NOUN
གིས་	གིས་	PART
དོར་མ་	དོར་མ་	NO_POS
རྐང་པ་	རྐང་པ་	NOUN
ཕྱེད་	ཕྱེད་	NUM
ཀ་	ཀ་	DET
མ་	མ་	PART
རེ་	རེ་	DET
མ་གཏོགས་	མ་གཏོགས་	NO_POS
གྱོན་	གྱོན་	NO_POS
ཡང་	ཀྱང་	PART
མེད་པ་	མེད་པ་	VERB
ས་	གིས་	PART
།		PUNCT
གྲང་ངར་	གྲང་ངར་	OTHER
གྱིས་	གིས་	PART
ཤི་	ཤི་	VERB
མཁན་	མཁན་	PROPN
མང་པོ་	མང་པོ་	ADJ
བྱུང་བ་	བྱུང་བ་	VERB
ས་	གིས་	PART
།		PUNCT
སྣམས་		NON_WORD
བུ་	བུ་	NOUN
འི་	གི་	PART
གྱོན་ཆས་	གྱོན་ཆས་	OTHER
དོས་པོ་	དོས་པོ་	
བརྒྱ་	བརྒྱ་	NUM
ཕྲག་	ཕྲག་	NUM
མང་པོ་	མང་པོ་	ADJ
བཟོ་	བཟོ་	NO_POS
ན་	ནས་	PART
དེ་དག་	དེ་དག་	OTHER
ལ་	ལ་	ADP
གོ་	གོ་	NOUN
དང་	དང་	NO_POS
ཟ་	ཟ་	NOUN
ཀྱི་	གི་	PART
སྦྱིན་པ་	སྦྱིན་པ་	VERB
ཉམས་	ཉམས་	NOUN
མེད་	མེད་	VERB
རྒྱུན་	རྒྱུན་	NOUN
ལྡན་	ལྡན་	VERB
དུ་	ལ་	PART
བཏང་བ་	བཏང་བ་	VERB
རེད་	རེད་	VERB
།		PUNCT
ལྭ་	ལྭ་	NO_POS
དཀ་	དཀའ་	VERB
ར་	ལ་	PART
ཚང་	ཚང་	VERB
གི་	གི་	PART
མི་ཚང་	མི་ཚང་	NO_POS
སྔ་ཕྱི་	སྔ་ཕྱི་	ADJ
ཀུན་	ཀུན་	DET
ཏུ་	ལ་	PART
བོད་	བོད་	PROPN
གཞུང་	གཞུང་	NOUN
དགའ་ལྡན་	དགའ་ལྡན་	PROPN
ཕོ་བྲང་	ཕོ་བྲང་	NOUN
ལ་	ལ་	ADP
ཞབས་ཕྱི་	ཞབས་ཕྱི་	NOUN
ཆེ་	ཆེ་	VERB
ཞིང་	ཞིང་	SCONJ
།		PUNCT
ལོ་ལྟར་	ལོ་ལྟར་	NO_POS
སྐུ་	སྐུ་	NOUN
འགེར་		NON_WORD
རང་	རང་	PRON
ན་	ནས་	PART
རྒྱ་ནག་	རྒྱ་ནག་	PROPN
ན་	ནས་	PART
དགོས་	དགོས་	VERB
སོགས་	སོགས་	DET
ཀྱི་	གི་	PART
ཆོ་	ཆོ་	NOUN
སྤྱི་	སྤྱི་	DET
དང་	དང་	NO_POS
ལྷག་པ་		
		
རྒྱལ་བ་	རྒྱལ་བ་	NOUN
སྐུ་ཕྲེང་	སྐུ་ཕྲེང་	NOUN
བཅུ་གསུམ་པ་	བཅུ་གསུམ་པ་	NO_POS
ཆེན་པོ་	ཆེན་པོ་	ADJ
ཤེལ་དཀར་	ཤེལ་དཀར་	NOUN
ར་	ར་	ADP
རྟ་སོ་	རྟ་སོ་	PROPN
མ་ལ་	མ་ལ་	INTJ
ཐུགས་མཉེས་པ་	ཐུགས་མཉེས་པ་	NO_POS
ཆེ་བ་	ཆེ་བ་	VERB
ས་	གིས་	PART
མངགས་	མངགས་	NO_POS
ཐོ་	ཐོ་	NOUN
གནང་བ་	གནང་བ་	NO_POS
བཞིན་	བཞིན་	NOUN
ཡ་	ཡ་	OTHER
འབུལ་	འབུལ་	NO_POS
ལམ་	གམ་	PART
ཞུ་	ཞུ་	VERB
དགོས་	དགོས་	VERB
ཡོད་འདུག་	ཡོད་འདུག་	NO_POS
སྐུ་ཕྲེང་	སྐུ་ཕྲེང་	NOUN
འདི་	འདི་	DET
འི་	གི་	PART
སྐབས་	སྐབས་	NOUN
སུ་	སུ་	ADP
བོད་	བོད་	PROPN
ཀྱི་	གི་	PART
ཆོས་སྲིད་	ཆོས་སྲིད་	NOUN
མཐའ་	མཐའ་	NOUN
བརྟན་	བརྟན་	VERB
ཆེད་	ཆེད་	NOUN
མཐའ་	མཐའ་	NOUN
འདུལ་	འདུལ་	NO_POS
ཡང་	ཀྱང་	PART
འདུལ་	འདུལ་	NO_POS
ཀྱི་	གི་	PART
གཙུག་ལག་ཁང་	གཙུག་ལག་ཁང་	NOUN
དང་	དང་	NO_POS
མཆོད་རྟེན་	མཆོད་རྟེན་	NOUN
མང་	མང་	VERB
ཙམ་	ཙམ་	DET
ལྭ་	ལྭ་	NO_POS
དཀ་	དཀའ་	VERB
ར་	ལ་	PART
ཚང་	ཚང་	VERB
ན་	ནས་	PART
སྦྱིན་བདག་	སྦྱིན་བདག་	NOUN
མཛད་	མཛད་	VERB
དེ་	དེ་	DET
།		PUNCT
ཐུགས་	ཐུགས་	NOUN
བཞེས་	བཞེས་	VERB
གྲུབ་པ་	གྲུབ་པ་	VERB
དང་	དང་	NO_POS
།		PUNCT
རྩེ་	རྩེ་	NOUN
རྣམ་རྒྱལ་	རྣམ་རྒྱལ་	NOUN
གྲྭ་	གྲྭ་	NOUN
ཚང་	ཚང་	VERB
གི་	གི་	PART
རྒྱུན་	རྒྱུན་	NOUN
གྱི་	གི་	PART
ཞལ་ལག་	ཞལ་ལག་	NO_POS
གི་	གི་	PART
སྟོང་	སྟོང་	NUM
སྒོ་	སྒོ་	NOUN
ལོ་	ལོ་	NOUN
མང་	མང་	VERB
རིང་	རིང་	NOUN
བརྙེན་		NON_WORD
བསྐུར་	བསྐུར་	NO_POS
ཞུ་	ཞུ་	VERB
ཤིང་	ཅིང་	PART
།		PUNCT
ལྷག་པ་		
རི་	རི་	NOUN
མེད་	མེད་	VERB
ཀྱི་	གི་	PART
བསྟན་པ་	བསྟན་པ་	VERB
འི་	གི་	PART
སྦྱིན་བདག་	སྦྱིན་བདག་	NOUN
མེད་	མེད་	VERB
སྤང་བ་	སྤང་བ་	VERB
འི་	གི་	PART
གཏོང་ཕོད་	གཏོང་ཕོད་	NO_POS
ཅན་	ཅན་	PART
དབུལ་	དབུལ་	NO_POS
འཕོངས་	འཕོངས་	VERB
ཀྱི་	གི་	PART
གཏད་པ་	གཏད་པ་	VERB
ར་	ལ་	PART
གྱུར་པ་	གྱུར་པ་	VERB
ས་	གིས་	PART
།		PUNCT
བོད་ཡུལ་	བོད་ཡུལ་	PROPN
གྱི་	གི་	PART
ཚྭ་	ཚྭ་	NOUN
ལ་	ལ་	ADP
འི་	གི་	PART
གཏེར་ཁ་	གཏེར་ཁ་	NOUN
ཚང་མ་	ཚང་མ་	OTHER
ལྭ་	ལྭ་	NO_POS
དཀ་	དཀའ་	VERB
ར་	ལ་	PART
ཚང་	ཚང་	VERB
གིས་	གིས་	PART
བེད་	བེད་	NO_POS
སྤྱད་	སྤྱད་	VERB
ཆོག་པ་	ཆོག་པ་	VERB
འི་	གི་	PART
དམིགས་བསལ་	དམིགས་བསལ་	NOUN
གྱི་	གི་	PART
བཀའ་ཐམ་	བཀའ་ཐམ་	OTHER
གནང་	གནང་	NO_POS
ན་	ནས་	PART
རྒྱལ་བ་	རྒྱལ་བ་	NOUN
ཐུབ་བསྟན་	ཐུབ་བསྟན་	NOUN
རྒྱ་མཚོ་	རྒྱ་མཚོ་	NOUN
ས་	གིས་	PART
བརྩེ་	བརྩེ་	NO_POS
གཟིགས་	གཟིགས་	VERB
བླ་	བླ་	NOUN
ན་	ན་	ADP
མེད་པ་	མེད་པ་	VERB
གནང་	གནང་	NO_POS
འདུག་	འདུག་	VERB
ལྭ་	ལྭ་	NO_POS
དཀ་	དཀའ་	VERB
ར་	ལ་	PART
ཚང་	ཚང་	VERB
གི་	གི་	PART
མི་	མི་	PART
རབས་	རབས་	NOUN
ན་	ནས་	PART
མི་	མི་	PART
རབས་	རབས་	NOUN
ཐམས་ཅད་	ཐམས་ཅད་	DET
དུ་	ལ་	PART
ཧ་ཅང་	ཧ་ཅང་	ADV
ཕྱུག་	ཕྱུག་	VERB
ཅིང་	ཅིང་	PART
ཚོང་དཔོན་	ཚོང་དཔོན་	NOUN
ཆེན་པོ་	ཆེན་པོ་	ADJ
བརྒྱ་	བརྒྱ་	NUM
ཕྲག་	ཕྲག་	NUM
མང་པོ་	མང་པོ་	ADJ
སྦྱིན་བདག་	སྦྱིན་བདག་	NOUN
གི་	གི་	PART
ཞབས་	ཞབས་	NOUN
འོག་	འོག་	NOUN
ཏུ་	ལ་	PART
ཡོད་	ཡོད་	VERB
ཀྱང་	ཀྱང་	PART
སྦྱིན་བདག་	སྦྱིན་བདག་	NOUN
རང་	རང་	PRON
ན་	ནས་	PART
ཆོ་	ཆོ་	NOUN
ཉམས་	ཉམས་	NOUN
བཞེས་	བཞེས་	VERB
བཅོས་མ་	བཅོས་མ་	NOUN
མ་ཡིན་པ་	མ་ཡིན་པ་	OTHER
མཛད་པ་	མཛད་པ་	VERB
ལ་	ལ་	ADP
ས་	གིས་	PART
ཚོང་	ཚོང་	NOUN
གི་	གི་	PART
བྱ་བ་	བྱ་བ་	VERB
ཆེ་	ཆེ་	VERB
ར་	ལ་	PART
མི་	མི་	PART
མཛད་	མཛད་	VERB
།		PUNCT
ལྷག་པ་		
དུ་	ལ་	PART
ཡ་	ཡ་	NOUN
ཧོ་	ཧོ་	NO_POS
དང་	དང་	NO_POS
ཚོགས་	ཚོགས་	NOUN
ཧོ་	ཧོ་	NO_POS
འདི་	འདི་	DET
གཉིས་	གཉིས་	NUM
རྫ་	རྫ་	NOUN
དཔལ་	དཔལ་	OTHER
སྤྲུལ་	སྤྲུལ་	VERB
རིན་པོ་ཆེ་	རིན་པོ་ཆེ་	ADJ
དང་	དང་	NO_POS
འཇུ་	འཇུ་	NO_POS
མི་	མི་	PART
ཕམ་	ཕམ་	NO_POS
གྱི་	གི་	PART
སློབ་མ་	སློབ་མ་	NOUN
ར་	ལ་	PART
གྱུར་	གྱུར་	VERB
།		PUNCT
ལྭ་	ལྭ་	NO_POS
དཀ་	དཀའ་	VERB
ར་	ལ་	PART
ཚང་	ཚང་	VERB
སྔ་	སྔ་	NOUN
ཧོར་	ཧོར་	PROPN
སྟོད་	སྟོད་	NOUN
ཀྱི་	གི་	PART
དཔོན་	དཔོན་	NOUN
ཡིན་ཡང་	ཡིན་ཡང་	NO_POS
།		PUNCT
རྫ་	རྫ་	NOUN
དཔལ་	དཔལ་	OTHER
སྤྲུལ་	སྤྲུལ་	VERB
དང་	དང་	NO_POS
འཇུ་	འཇུ་	NO_POS
མི་	མི་	PART
ཕམ་	ཕམ་	NO_POS
རིན་པོ་ཆེ་	རིན་པོ་ཆེ་	ADJ
རྣམ་པ་	རྣམ་པ་	NOUN
གཉིས་ཀ་	གཉིས་ཀ་	OTHER
ས་	གིས་	PART
།		PUNCT
ད་	ད་	ADV
དུས་	དུས་	NOUN
ཀྱི་	གི་	PART
མཐའ་མ་	མཐའ་མ་	NOUN
རེད་	རེད་	VERB
དཔོན་	དཔོན་	NOUN
མ་	མ་	PART
བཟུང་	བཟུང་	NO_POS
ཞེ་	ཅེས་	PART
གསུངས་པ་	གསུངས་པ་	VERB
ས་	གིས་	PART
།		PUNCT
དཔོན་	དཔོན་	NOUN
ས་	ས་	ADP
ན་	ནས་	PART
དགོངས་པ་	དགོངས་པ་	VERB
ཞུ་བ་	ཞུ་བ་	VERB
འི་	གི་	PART
སྙན་ཞུ་	སྙན་ཞུ་	OTHER
ཡང་ན་	ཡང་ན་	NO_POS
ས་	གིས་	PART
ཡང་	ཀྱང་	PART
དུ་	ལ་	PART
ཕུལ་	ཕུལ་	VERB
ཡང་	ཀྱང་	PART
།		PUNCT
མ་	མ་	PART
གསོན་པ་	གསོན་པ་	VERB
ར་	ལ་	PART
ལོ་	ལོ་	NOUN
མང་པོ་	མང་པོ་	ADJ
ར་	ལ་	PART
དཔོན་	དཔོན་	NOUN
ས་	ས་	ADP
ར་	ལ་	PART
བསྡད་	བསྡད་	NO_POS
དགོས་པ་	དགོས་པ་	VERB
བྱུང་	བྱུང་	VERB
།		PUNCT
སླར་ཡང་	སླར་ཡང་	OTHER
ཞུ་བ་	ཞུ་བ་	VERB
ནན་	ནན་	NOUN
གྱིས་	གིས་	PART
ཕུལ་	ཕུལ་	VERB
ན་	ནས་	PART
།		PUNCT
སྤྱིར་བཏང་	སྤྱིར་བཏང་	OTHER
ཞབས་ཏོག་	ཞབས་ཏོག་	NOUN
གི་	གི་	PART
ལས་ཀ་	ལས་ཀ་	OTHER
སྔ་	སྔ་	NOUN
དང་	དང་	NO_POS
ཁྱད་པར་	ཁྱད་པར་	NOUN
མེད་པ་	མེད་པ་	VERB
ཞུ་	ཞུ་	VERB
གི་	གི་	PART
ཡིན་	ཡིན་	NO_POS
།		PUNCT
དཔོན་པོ་	དཔོན་པོ་	NOUN
འི་	གི་	PART
མིང་	མིང་	NOUN
དེ་	དེ་	DET
ཨ་ཞེ་	ཨ་ཞེ་	OTHER
ཚེ་རིང་	ཚེ་རིང་	NOUN
ལྷ་མོ་	ལྷ་མོ་	NOUN
འི་	གི་	PART
གཅེན་པོ་	གཅེན་པོ་	NO_POS
ཚེ་	ཚེ་	NOUN
ཧོ་	ཧོ་	NO_POS
ལ་བཏགས་	ལ་བཏགས་	OTHER
རོགས་	རོགས་	OTHER
གནང་	གནང་	NO_POS
ཞེ་	ཅེས་	PART
ཡང་ཡང་	ཡང་ཡང་	NO_POS
ཞུས་པ་	ཞུས་པ་	VERB
ས་	གིས་	PART
།		PUNCT
ཧོར་	ཧོར་	PROPN
སྟོད་	སྟོད་	NOUN
ཀྱི་	གི་	PART
དཔོན་པོ་	དཔོན་པོ་	NOUN
འི་	གི་	PART
མིང་	མིང་	NOUN
སྤོ་	སྤོ་	VERB
ཐུབ་ཙམ་	ཐུབ་ཙམ་	NO_POS
བྱུང་	བྱུང་	VERB
འདུག་	འདུག་	VERB
ཡང་	ཀྱང་	PART
དཔལ་	དཔལ་	OTHER
སྤྲུལ་	སྤྲུལ་	VERB
རིན་པོ་ཆེ་	རིན་པོ་ཆེ་	ADJ
ས་	གིས་	PART
།		PUNCT
རྫ་མ་	རྫ་མ་	OTHER
མོ་	མོ་	PRON
འི་	གི་	PART
ཁ་	ཁ་	PRON
མདོ་	མདོ་	NOUN
ར་	ལ་	PART
མ་	མ་	PART
ཎིའི་		NON_WORD
རྡོ་འབུམ་	རྡོ་འབུམ་	NO_POS
ཆེན་པོ་	ཆེན་པོ་	ADJ
བསྐོར་བ་	བསྐོར་བ་	VERB
བཞེད་པ་	བཞེད་པ་	VERB
འི་	གི་	PART
དུས་	དུས་	NOUN
དེ་	དེ་	DET
ར་	ལ་	PART
ལྭ་	ལྭ་	NO_POS
དཀ་	དཀའ་	VERB
ར་	ལ་	PART
ཚང་	ཚང་	VERB
གི་	གི་	PART
དྲེལ་པ་	དྲེལ་པ་	OTHER
ཕྱོགས་	ཕྱོགས་	NOUN
དེ་ནས་	དེ་ནས་	NO_POS
བཤར་བ་	བཤར་བ་	NO_POS
དང་	དང་	NO_POS
འཕྲད་	འཕྲད་	VERB
།		PUNCT
གནས་	གནས་	NOUN
དེ་	དེ་	DET
ར་	ལ་	PART
རྡོ་	རྡོ་	NOUN
ལ་	ལ་	ADP
འི་	གི་	PART
དབྱིབས་	དབྱིབས་	NOUN
ཅན་	ཅན་	PART
ཞིག་	ཅིག་	PART
གི་	གི་	PART
སྟེང་	སྟེང་	NOUN
དུ་	ལ་	PART
དྲེལ་	དྲེལ་	NO_POS
དངུལ་	དངུལ་	NOUN
རྒྱབ་	རྒྱབ་	NOUN
བཀལ་བ་	བཀལ་བ་	NO_POS
ཞིག་	ཅིག་	PART
ཉལ་	ཉལ་	NO_POS
ན་	ནས་	PART
འགྲོ་	འགྲོ་	VERB
མ་	མ་	PART
འདོད་པ་	འདོད་པ་	VERB
ལ་	ལ་	ADP
།		PUNCT
དཔལ་	དཔལ་	OTHER
སྤྲུལ་	སྤྲུལ་	VERB
རིན་པོ་ཆེ་	རིན་པོ་ཆེ་	ADJ
ས་	གིས་	PART
།		PUNCT
གནས་	གནས་	NOUN
འདི་	འདི་	DET
ར་	ལ་	PART
མ་	མ་	PART
ཎིའི་		NON_WORD
རྡོ་འབུམ་	རྡོ་འབུམ་	NO_POS
ཆེན་པོ་	ཆེན་པོ་	ADJ
ཞིག་	ཅིག་	PART
བཞེང་	བཞེང་	NO_POS
དགོས་པ་	དགོས་པ་	VERB
དེ་	དེ་	DET
འི་	གི་	PART
སྦྱིན་བདག་	སྦྱིན་བདག་	NOUN
བྱེད་	བྱེད་	VERB
རོགས་	རོགས་	OTHER
ཞེ་	ཅེས་	PART
བཀའ་	བཀའ་	NOUN
གནང་བ་	གནང་བ་	NO_POS
ན་	ན་	ADP
།		PUNCT
དངུལ་	དངུལ་	NOUN
དྲེལ་	དྲེལ་	NO_POS
རྒྱབ་	རྒྱབ་	NOUN
འབྱར་མ་	འབྱར་མ་	NO_POS
དེ་དེ་	དེ་དེ་	NO_POS
ག་	ག་	PRON
རང་	རང་	PRON
དུ་	ལ་	PART
ཕུལ་	ཕུལ་	VERB
ན་	ནས་	PART
སླར་ཡང་	སླར་ཡང་	OTHER
།		PUNCT
དཔལ་	དཔལ་	OTHER
དགེ་མ་	དགེ་མ་	NO_POS
ཎི་		NON_WORD
ཞེ་	ཅེས་	PART
རྡོ་འབུམ་	རྡོ་འབུམ་	NO_POS
སྙན་གྲགས་	སྙན་གྲགས་	NOUN
ཅན་	ཅན་	PART
དེ་	དེ་	DET
འི་	གི་	PART
སྦྱིན་བདག་	སྦྱིན་བདག་	NOUN
ཀྱང་	ཀྱང་	PART
གནང་	གནང་	NO_POS
འདུག་	འདུག་	VERB
མི་	མི་	PART
ཕམ་	ཕམ་	NO_POS
རིན་པོ་ཆེ་	རིན་པོ་ཆེ་	ADJ
ས་	གིས་	PART
།		PUNCT
ཁྱིམ་	ཁྱིམ་	NOUN
ལ་	ལ་	ADP
གནས་	གནས་	NOUN
ཀྱང་	ཀྱང་	PART
ཡང་དག་	ཡང་དག་	ADJ
བསྟན་	བསྟན་	VERB
ལ་	ལ་	ADP
དད་	དད་	VERB
"།
།"		PUNCT
སོགས་	སོགས་	DET
ཆེ་བརྗོད་	ཆེ་བརྗོད་	NOUN
ཀྱི་	གི་	PART
གསུང་རྩོམ་	གསུང་རྩོམ་	OTHER
ཡང་	ཀྱང་	PART
མང་པོ་	མང་པོ་	ADJ
གནང་	གནང་	NO_POS
འདུག་	འདུག་	VERB
དེ་དག་	དེ་དག་	OTHER
གི་	གི་	PART
སྲ་	སྲ་	NOUN
སུ་	སུ་	ADP
།		PUNCT
མགོན་མེད་	མགོན་མེད་	NOUN
ཟ་	ཟ་	NOUN
སྦྱིན་	སྦྱིན་	VERB
གཉིས་པ་	གཉིས་པ་	NUM
ལྟ་བུ་	ལྟ་བུ་	NOUN
གཏེར་སྟོན་	གཏེར་སྟོན་	OTHER
ཉི་མ་	ཉི་མ་	NOUN
གྲགས་པ་	གྲགས་པ་	VERB
འི་	གི་	PART
སྐུ་སྐྱེ་	སྐུ་སྐྱེ་	PROPN
ལྭ་	ལྭ་	NO_POS
དཀ་	དཀའ་	VERB
ར་	ལ་	PART
མཐུ་སྟོབས་	མཐུ་སྟོབས་	NOUN
རྣམ་རྒྱལ་	རྣམ་རྒྱལ་	NOUN
དང་	དང་	NO_POS
།		PUNCT
མགོན་པོ་	མགོན་པོ་	NOUN
ཚོགས་བདག་	ཚོགས་བདག་	PROPN
གི་	གི་	PART
རྣམ་	རྣམ་	NOUN
སྤྲུལ་	སྤྲུལ་	VERB
བསོད་ནམས་	བསོད་ནམས་	NOUN
སྟོབས་	སྟོབས་	NOUN
རྒྱལ་	རྒྱལ་	VERB
གཉིས་	གཉིས་	NUM
འཁྲུངས་	འཁྲུངས་	NO_POS
།		PUNCT
སྲ་	སྲ་	NOUN
ཆེ་བ་	ཆེ་བ་	VERB
མཐུ་སྟོབས་	མཐུ་སྟོབས་	NOUN
རྣམ་རྒྱལ་	རྣམ་རྒྱལ་	NOUN
དེ་ཉིད་	དེ་ཉིད་	NOUN
སྐུ་	སྐུ་	NOUN
ཆུང་ངུ་	ཆུང་ངུ་	ADJ
འི་	གི་	PART
དུས་	དུས་	NOUN
ན་	ནས་	PART
སྦྱོང་	སྦྱོང་	VERB
བརྩོན་	བརྩོན་	VERB
མཛད་པ་	མཛད་པ་	VERB
ས་	གིས་	PART
།		PUNCT
མཁན་ཆེན་	མཁན་ཆེན་	OTHER
ཞིག་	ཅིག་	PART
དང་	དང་	NO_POS
དང་	དང་	NO_POS
མཚུངས་པ་	མཚུངས་པ་	VERB
འི་	གི་	PART
མཁས་པ་	མཁས་པ་	VERB
ཞིག་	ཅིག་	PART
ཡིན་པ་	ཡིན་པ་	AUX
མ་ཟད་	མ་ཟད་	NO_POS
།		PUNCT
ལྷག་པ་		
གསོ་བ་	གསོ་བ་	VERB
རིག་པ་	རིག་པ་	VERB
ལ་	ལ་	ADP
ཤིན་ཏུ་	ཤིན་ཏུ་	NO_POS
ན་	ནས་	PART
ཀྱང་	ཀྱང་	PART
མཁའ་	མཁའ་	VERB
།		PUNCT
སྲ་	སྲ་	NOUN
ཆུང་བ་	ཆུང་བ་	VERB
བསོད་ནམས་	བསོད་ནམས་	NOUN
སྟོབས་	སྟོབས་	NOUN
རྒྱལ་	རྒྱལ་	VERB
ནི་	ནི་	NO_POS
།		PUNCT
མགོན་པོ་	མགོན་པོ་	NOUN
ཚོགས་	ཚོགས་	NOUN
ཀྱི་	གི་	PART
བདག་པོ་	བདག་པོ་	NOUN
འི་	གི་	PART
སྤྲུལ་སྐུ་	སྤྲུལ་སྐུ་	NOUN
ཡིན་	ཡིན་	NO_POS
ཞེ་	ཅེས་	PART
བླ་མ་	བླ་མ་	NOUN
རྣམས་པ་	རྣམས་པ་	DET
ས་	གིས་	PART
གསུངས་	གསུངས་	VERB
ཞིང་	ཞིང་	SCONJ
།		PUNCT
མགོ་ལོག་	མགོ་ལོག་	OTHER
གསེར་	གསེར་	NOUN
གྱི་	གི་	PART
འབྲུག་	འབྲུག་	NOUN
རི་	རི་	NOUN
སྨུག་པོ་	སྨུག་པོ་	OTHER
འི་	གི་	PART
བསྟན་	བསྟན་	VERB
བདག་	བདག་	PRON
ཏུ་	ལ་	PART
ངོས་འཛིན་	ངོས་འཛིན་	NOUN
མཛད་	མཛད་	VERB
ཀྱང་	ཀྱང་	PART
སྐུ་	སྐུ་	NOUN
འཁྲུངས་	འཁྲུངས་	NO_POS
ས་	ས་	ADP
ཆེ་བ་	ཆེ་བ་	VERB
འི་	གི་	PART
རྐྱེན་	རྐྱེན་	NOUN
གདན་ས་	གདན་ས་	NOUN
ར་	ལ་	PART
བཞུགས་	བཞུགས་	VERB
ཐབས་	ཐབས་	NOUN
མ་	མ་	PART
བྱུང་	བྱུང་	VERB
།		PUNCT
རྫོགས་ཆེན་	རྫོགས་ཆེན་	NOUN
རིན་པོ་ཆེ་	རིན་པོ་ཆེ་	ADJ
ཐུབ་བསྟན་	ཐུབ་བསྟན་	NOUN
ཆོ་	ཆོ་	NOUN
ཀྱི་	གི་	PART
རྡོ་རྗེ་	རྡོ་རྗེ་	NOUN
ན་	ནས་	PART
གདན་ས་	གདན་ས་	NOUN
ར་	ལ་	PART
ཡུད་ཙམ་	ཡུད་ཙམ་	NO_POS
སྐུ་མཚམས་	སྐུ་མཚམས་	NOUN
བཞུགས་	བཞུགས་	VERB
ན་མ་	ན་མ་	PROPN
གཏོགས་	གཏོགས་	VERB
སྐུ་	སྐུ་	NOUN
དཀག་	དཀག་	NO_POS
ཆེ་བ་	ཆེ་བ་	VERB
ར་	ལ་	PART
གསུངས་པ་	གསུངས་པ་	VERB
ས་	གིས་	PART
སྐབས་	སྐབས་	NOUN
ཞིག་	ཅིག་	PART
དེ་	དེ་	DET
ར་	ལ་	PART
སྐུ་མཚམས་	སྐུ་མཚམས་	NOUN
སུ་	སུ་	ADP
བཞུགས་	བཞུགས་	VERB
།		PUNCT
སྐུ་	སྐུ་	NOUN
རབས་	རབས་	NOUN
རིམ་	རིམ་	NOUN
བྱུང་	བྱུང་	VERB
ལ་	ལ་	ADP
ས་	གིས་	PART
གཞན་	གཞན་	DET
གྱིས་	གིས་	PART
རྒྱུ་བ་	རྒྱུ་བ་	VERB
ར་	ལ་	PART
དཀའ་བ་	དཀའ་བ་	VERB
འི་	གི་	PART
མགོན་པོ་	མགོན་པོ་	NOUN
འི་	གི་	PART
རྟེན་	རྟེན་	NOUN
ཁ་	ཁ་	PRON
ར་	ལ་	PART
ནང་	ནང་	NOUN
ཕེབས་པ་	ཕེབས་པ་	VERB
ས་	གིས་	PART
ཚོགས་བདག་	ཚོགས་བདག་	PROPN
གི་	གི་	PART
བེར་	བེར་	NOUN
དང་	དང་	NO_POS
བིང་		NON_WORD
སོགས་	སོགས་	DET
སྔ་	སྔ་	NOUN
ཡོད་	ཡོད་	VERB
རྣམས་	རྣམས་	DET
མེད་པ་	མེད་པ་	VERB
ར་	ལ་	PART
གཟིགས་པ་	གཟིགས་པ་	VERB
ས་	གིས་	PART
གསོལ་	གསོལ་	VERB
ཀ་	ཀ་	DET
ཕྲིན་བཅོལ་	ཕྲིན་བཅོལ་	NO_POS
ཞག་	ཞག་	NOUN
ཤ་	ཤ་	DET
མཛད་	མཛད་	VERB
རྗེས་	རྗེས་	NOUN
སྔ་	སྔ་	NOUN
ཡོད་	ཡོད་	VERB
ཇི་བཞིན་	ཇི་བཞིན་	OTHER
སྲུང་མ་	སྲུང་མ་	NOUN
ས་	གིས་	PART
ལོག་	ལོག་	VERB
ཏེ་	སྟེ་	PART
བཞགས་པ་	བཞགས་པ་	NO_POS
ཀུན་	ཀུན་	DET
གྱི་	གི་	PART
མཐོང་ཆོས་	མཐོང་ཆོས་	NO_POS
སུ་	སུ་	ADP
གྱུར་	གྱུར་	VERB
བ་	བ་	ADP
ཡིད་ཆེས་	ཡིད་ཆེས་	NOUN
ཀྱི་	གི་	PART
གདེངས་	གདེངས་	NOUN
དང་	དང་	NO_POS
ལྡན་པ་	ལྡན་པ་	VERB
ར་	ལ་	PART
གྱུར་	གྱུར་	VERB
།		PUNCT
ལྷ་ས་	ལྷ་ས་	PROPN
ར་	ལ་	PART
མཆོད་མཇལ་	མཆོད་མཇལ་	NO_POS
ལ་	ལ་	ADP
ཕེབས་	ཕེབས་	NO_POS
སྐབས་	སྐབས་	NOUN
ལམ་	གམ་	PART
གྱི་	གི་	PART
ཡུལ་ལྷ་	ཡུལ་ལྷ་	NOUN
རྣམས་	རྣམས་	DET
ན་	ནས་	PART
སྐུ་མདུན་	སྐུ་མདུན་	NOUN
སྐྱ་	སྐྱ་	VERB
ར་	ལ་	PART
སྟེ་	སྟེ་	PART
མི་	མི་	PART
དང་	དང་	NO_POS
མི་	མི་	PART
བཞིན་	བཞིན་	NOUN
བཀའ་མོལ་	བཀའ་མོལ་	OTHER
གནང་བ་	གནང་བ་	NO_POS
ཞབས་	ཞབས་	NOUN
ཕྱེ་	ཕྱེ་	VERB
རྣམས་	རྣམས་	DET
ཚང་མ་	ཚང་མ་	OTHER
ས་	གིས་	PART
གསལ་བ་	གསལ་བ་	VERB
ར་	ལ་	PART
མཐོང་	མཐོང་	VERB
།		PUNCT
ལྷ་	ལྷ་	NOUN
གདན་	གདན་	NOUN
རང་	རང་	PRON
དུ་	ལ་	PART
ཕེབས་	ཕེབས་	NO_POS
སྐབས་	སྐབས་	NOUN
གཞུང་ས་	གཞུང་ས་	OTHER
རང་	རང་	PRON
ན་	ནས་	PART
བསུ་བ་	བསུ་བ་	VERB
དང་	དང་	NO_POS
གྲ་	གྲ་	NOUN
སྒྲིགས་	སྒྲིགས་	VERB
རྒྱ་	རྒྱ་	NOUN
ཆེ་	ཆེ་	VERB
ར་	ལ་	PART
མཛད་	མཛད་	VERB
ཤིང་	ཅིང་	PART
ཇོ་ཁང་	ཇོ་ཁང་	NO_POS
སྐོར་བ་	སྐོར་བ་	VERB
ཕེབས་	ཕེབས་	NO_POS
སྐབས་	སྐབས་	NOUN
བཟོད་པ་	བཟོད་པ་	VERB
ར་	ལ་	PART
དཀའ་བ་	དཀའ་བ་	VERB
འི་	གི་	PART
གཟི་བརྗིད་	གཟི་བརྗིད་	NOUN
ཀྱི་	གི་	PART
མཐོ་དམན་	མཐོ་དམན་	NOUN
ཀུན་	ཀུན་	DET
ཡ་	ཡ་	OTHER
མི་	མི་	PART
ལང་	ལང་	NO_POS
རང་དབང་	རང་དབང་	NOUN
མེད་པ་	མེད་པ་	VERB
བྱུང་བ་	བྱུང་བ་	VERB
འི་	གི་	PART
བསོད་ནམས་	བསོད་ནམས་	NOUN
དང་	དང་	NO_POS
དབང་ཐང་	དབང་ཐང་	NOUN
དང་	དང་	NO_POS
ལྡན་	ལྡན་	VERB
།		PUNCT
དུས་	དུས་	NOUN
དབང་	དབང་	NOUN
ལ་	ལ་	ADP
རྟེན་	རྟེན་	NOUN
ཏེ་	སྟེ་	PART
བསམ་ཡས་	བསམ་ཡས་	PROPN
མཆོད་འབུལ་	མཆོད་འབུལ་	NOUN
སྐབས་	སྐབས་	NOUN
རང་བྱུང་	རང་བྱུང་	NOUN
རྡོ་	རྡོ་	NOUN
ཡི་	ཡི་	ADP
མཆོད་རྟེན་	མཆོད་རྟེན་	NOUN
རྩ་	རྩ་	NUM
ར་	ལ་	PART
སྐུ་	སྐུ་	NOUN
རྡབས་		NON_WORD
ཅུང་ཞིག་	ཅུང་ཞིག་	NO_POS
བྱུང་བ་	བྱུང་བ་	VERB
འི་	གི་	PART
རྐྱེན་	རྐྱེན་	NOUN
གྱི་	གི་	PART
དགོངས་པ་	དགོངས་པ་	VERB
ཞི་བ་	ཞི་བ་	VERB
ར་	ལ་	PART
གཤེགས་པ་	གཤེགས་པ་	VERB
ས་	གིས་	PART
འགའ་ཞིག་	འགའ་ཞིག་	OTHER
ན་	ནས་	PART
ཆོས་རྒྱལ་	ཆོས་རྒྱལ་	NOUN
ཁྲི་	ཁྲི་	NUM
སྲོང་	སྲོང་	NO_POS
གྱི་	གི་	PART
རྣམ་	རྣམ་	NOUN
སྤྲུལ་	སྤྲུལ་	VERB
གྱི་	གི་	PART
རྟགས་	རྟགས་	NOUN
སུ་	སུ་	ADP
ངོས་འཛིན་	ངོས་འཛིན་	NOUN
མཛད་	མཛད་	VERB
།		PUNCT
གདུང་རྟེན་	གདུང་རྟེན་	NOUN
ལྷ་	ལྷ་	NOUN
གདན་	གདན་	NOUN
དུ་	ལ་	PART
ཚུ་		
གདན་འདྲེན་	གདན་འདྲེན་	NOUN
སྐབས་	སྐབས་	NOUN
ལྷ་ས་	ལྷ་ས་	PROPN
ར་	ལ་	PART
སྐུ་	སྐུ་	NOUN
དྲགས་	དྲགས་	NO_POS
རྣམས་	རྣམས་	DET
ཀྱི་	གི་	PART
ལྕམ་	ལྕམ་	NOUN
རྣམས་	རྣམས་	DET
དང་	དང་	NO_POS
གཞན་	གཞན་	DET
ཆེ་ཁག་	ཆེ་ཁག་	OTHER
རིགས་	རིགས་	NOUN
ཀྱི་	གི་	PART
ལྕམ་	ལྕམ་	NOUN
རྣམས་	རྣམས་	DET
ན་	ནས་	PART
གཡང་	གཡང་	NOUN
གི་	གི་	PART
དངོས་གྲུབ་	དངོས་གྲུབ་	NOUN
འབྱུང་བ་	འབྱུང་བ་	VERB
འི་	གི་	PART
ཕྱི་	ཕྱི་	OTHER
རང་རང་	རང་རང་	NO_POS
གི་	གི་	PART
ཁང་ཐོག་	ཁང་ཐོག་	NOUN
ན་	ནས་	PART
འདའ་	འདའ་	VERB
ད་	ད་	NOUN
དང་	དང་	NO_POS
བཅའ་	བཅའ་	VERB
གཡང་	གཡང་	NOUN
འབོད་	འབོད་	VERB
བྱེད་པ་	བྱེད་པ་	VERB
སོགས་	སོགས་	DET
ལོ་རྒྱུས་	ལོ་རྒྱུས་	NOUN
བྱུང་	བྱུང་	VERB
།		PUNCT
སྲས་མོ་	སྲས་མོ་	NOUN
གཉིས་	གཉིས་	NUM
ཡོད་པ་	ཡོད་པ་	VERB
འི་	གི་	PART
ཆུང་བ་	ཆུང་བ་	VERB
རབ་བྱུང་	རབ་བྱུང་	NOUN
ཡིན་	ཡིན་	NO_POS
ཅིང་	ཅིང་	PART
།		PUNCT
ཆེ་བ་	ཆེ་བ་	VERB
པདྨ་	པདྨ་	NOUN
ལྷ་མོ་	ལྷ་མོ་	NOUN
།		PUNCT
གཡག་	གཡག་	NOUN
ཟེ་	ཟེ་	VERB
གཏེར་སྟོན་	གཏེར་སྟོན་	OTHER
མཚན་	མཚན་	NOUN
གཞན་	གཞན་	DET
ལྭ་	ལྭ་	NO_POS
དཀ་	དཀའ་	VERB
ར་	ལ་	PART
གཏེར་སྟོན་	གཏེར་སྟོན་	OTHER
ཞེ་	ཅེས་	PART
གུ་རུ་	གུ་རུ་	PROPN
རིན་པོ་ཆེ་	རིན་པོ་ཆེ་	ADJ
དངོ་	དངོ་	NOUN
དང་	དང་	NO_POS
འདྲ་བ་	འདྲ་བ་	VERB
ཞིག་	ཅིག་	PART
གི་	གི་	PART
གསང་ཡུམ་	གསང་ཡུམ་	NO_POS
དུ་	ལ་	PART
གྱུར་	གྱུར་	VERB
།		PUNCT
དེ་ཡང་	དེ་ཡང་	ADV
སྐབས་	སྐབས་	NOUN
ཤིག་	ཅིག་	PART
བོད་	བོད་	PROPN
སྨད་	སྨད་	NOUN
ཕྱོགས་	ཕྱོགས་	NOUN
སུ་	སུ་	ADP
ནད་	ནད་	NOUN
ངན་	ངན་	VERB
ལྟག་	ལྟག་	NOUN
འཐེན་	འཐེན་	NO_POS
དང་	དང་	NO_POS
ཉ་ག་	ཉ་ག་	NO_POS
ས་	གིས་	PART
ཞེས་་	ཞེས་པ་	PART
ཧ་	ཧ་	NOUN
ཀྱང་	ཀྱང་	PART
ཚབ་	ཚབ་	NOUN
ཆེ་བ་	ཆེ་བ་	VERB
ཞིག་	ཅིག་	PART
བྱུང་	བྱུང་	VERB
ན་	ནས་	PART
མི་	མི་	PART
མང་པོ་	མང་པོ་	ADJ
ཤི་བ་	ཤི་བ་	VERB
འི་	གི་	PART
ཚེ་	ཚེ་	NOUN
།		PUNCT
ལྭ་	ལྭ་	NO_POS
དཀ་	དཀའ་	VERB
ར་	ལ་	PART
གཏེར་སྟོན་	གཏེར་སྟོན་	OTHER
གྱིས་	གིས་	PART
སང་ཉིན་	སང་ཉིན་	ADV
ང་	ང་	PRON
ཚོ་	ཚོ་	DET
རི་རྩེ་	རི་རྩེ་	NOUN
འི་	གི་	PART
མཚོ་	མཚོ་	NOUN
ལ་	ལ་	ADP
འགྲོ་བ་	འགྲོ་བ་	VERB
འི་	གི་	PART
གྲ་སྒྲིག་	གྲ་སྒྲིག་	PROPN
གྱིས་	གིས་	PART
།		PUNCT
ཨ་རག་	ཨ་རག་	NO_POS
ཤེལ་དམ་	ཤེལ་དམ་	NO_POS
གང་	གང་	NO_POS
ཁུ་	ཁུ་	NOUN
ཤོག་	ཤོག་	VERB
གསུངས་པ་	གསུངས་པ་	VERB
ལྟ་	ལྟ་	OTHER
ཕེབས་པ་	ཕེབས་པ་	VERB
ས་	གིས་	PART
།		PUNCT
མཚོ་	མཚོ་	NOUN
ལ་ཉེ་བ་	ལ་ཉེ་བ་	NO_POS
ན་	ན་	ADP
།		PUNCT
ད་	ད་	ADV
ཁྱེད་	ཁྱེད་	PRON
རྣམ་པ་	རྣམ་པ་	NOUN
འདི་	འདི་	DET
ར་	ལ་	PART
བཛྲ་	བཛྲ་	NO_POS
གུ་རུ་	གུ་རུ་	PROPN
བགྲང་	བགྲང་	VERB
ན་	ནས་	PART
སྡོད་	སྡོད་	VERB
།		PUNCT
མ་	མ་	PART
ཡོང་	ཡོང་	NO_POS
ཞེ་	ཅེས་	PART
གསུངས་	གསུངས་	VERB
ན་	ནས་	PART
གཅིག་པུ་	གཅིག་པུ་	ADJ
ར་	ལ་	PART
ཕེབས་	ཕེབས་	NO_POS
།		PUNCT
འོན་ཀྱང་	འོན་ཀྱང་	NO_POS
དཀོན་མཆོག་	དཀོན་མཆོག་	NOUN
བསམ་གྲུབ་	བསམ་གྲུབ་	PROPN
།		PUNCT
ཇོ་	ཇོ་	NO_POS
རྡོ་	རྡོ་	NOUN
།		PUNCT
ཐུབ་	ཐུབ་	VERB
སྟོབས་	སྟོབས་	NOUN
རྣམ་རྒྱལ་	རྣམ་རྒྱལ་	NOUN
རྣམས་	རྣམས་	DET
ཡིབ་	ཡིབ་	NO_POS
ན་	ནས་	PART
མཇལ་བ་	མཇལ་བ་	VERB
ས་	གིས་	PART
།		PUNCT
གཏེར་སྟོན་	གཏེར་སྟོན་	OTHER
འཇའ་	འཇའ་	NOUN
ལམ་	གམ་	PART
རྒྱུད་	རྒྱུད་	NOUN
མཚོ་	མཚོ་	NOUN
དབུ་	དབུ་	NOUN
སུ་	སུ་	ADP
ཕེབས་	ཕེབས་	NO_POS
།		PUNCT
མཚོ་	མཚོ་	NOUN
དཀྱིལ་	དཀྱིལ་	NOUN
དུ་	ལ་	PART
ཆུ་ཁོལ་	ཆུ་ཁོལ་	NO_POS
ཞིང་	ཞིང་	SCONJ
འདུག་པ་	འདུག་པ་	VERB
དེ་	དེ་	DET
འི་	གི་	PART
ནང་	ནང་	NOUN
དུ་	ལ་	PART
མི་སྣང་བ་	མི་སྣང་བ་	NO_POS
ར་	ལ་	PART
གྱུར་	གྱུར་	VERB
ན་	ནས་	PART
ཅུང་ཟད་	ཅུང་ཟད་	ADV
ན་	ན་	ADP
གཏེར་	གཏེར་	NOUN
སྒྲོམ་	སྒྲོམ་	NOUN
སྐུ་གཟན་	སྐུ་གཟན་	NO_POS
གྱི་	གི་	PART
ནང་	ནང་	NOUN
བསྒྲིལ་	བསྒྲིལ་	NO_POS
ན་	ནས་	PART
སྔར་ལྟར་	སྔར་ལྟར་	NO_POS
འཇའ་	འཇའ་	NOUN
ལམ་	གམ་	PART
ན་	ནས་	PART
ཚུ་		
ཕེབས་པ་	ཕེབས་པ་	VERB
དང་	དང་	NO_POS
།		PUNCT
བཞིན་རས་	བཞིན་རས་	OTHER
ཅུང་ཟད་	ཅུང་ཟད་	ADV
ནག་པོ་	ནག་པོ་	ADJ
ཆགས་	ཆགས་	VERB
འདུག་པ་	འདུག་པ་	VERB
འདི་	འདི་	DET
ཀླུ་	ཀླུ་	NOUN
འི་	གི་	PART
ཁ་	ཁ་	PRON
རླངས་	རླངས་	OTHER
རེད་	རེད་	VERB
གསུངས་	གསུངས་	VERB
ན་	ནས་	PART
ཨ་རག་	ཨ་རག་	NO_POS
གིས་	གིས་	PART
བསྐྲུས་པ་	བསྐྲུས་པ་	NO_POS
ས་	གིས་	PART
དག་པ་	དག་པ་	VERB
ར་	ལ་	PART
གྱུར་	གྱུར་	VERB
།		PUNCT
དེ་	དེ་	DET
འི་	གི་	PART
དུས་	དུས་	NOUN
སུ་	སུ་	ADP
ཁོང་	ཁོང་	PRON
གིས་	གིས་	PART
ཐུན་མོང་	ཐུན་མོང་	ADJ
མ་ཡིན་པ་	མ་ཡིན་པ་	OTHER
འི་	གི་	PART
སྨན་	སྨན་	NOUN
དང་	དང་	NO_POS
།		PUNCT
རིགས་གསུམ་	རིགས་གསུམ་	OTHER
མགོན་པོ་	མགོན་པོ་	NOUN
འི་	གི་	PART
གཟུགས་བརྙན་	གཟུགས་བརྙན་	NOUN
སོགས་	སོགས་	DET
གཏེར་	གཏེར་	NOUN
ན་	ནས་	PART
བཞེས་	བཞེས་	VERB
གནང་བ་	གནང་བ་	NO_POS
།		PUNCT
སྨན་	སྨན་	NOUN
དེ་	དེ་	DET
ནད་	ནད་	NOUN
ངན་	ངན་	VERB
གྱིས་	གིས་	PART
ཁྱབ་པ་	ཁྱབ་པ་	VERB
འི་	གི་	PART
ཡུལ་	ཡུལ་	NOUN
དུ་	ལ་	PART
བཏང་བ་	བཏང་བ་	VERB
ས་	གིས་	PART
ནད་	ནད་	NOUN
ཐམས་ཅད་	ཐམས་ཅད་	DET
རྒྱུན་	རྒྱུན་	NOUN
ཆད་	ཆད་	VERB
དེ་	དེ་	DET
མི་	མི་	PART
སྟོང་ཕྲག་	སྟོང་ཕྲག་	OTHER
མང་པོ་	མང་པོ་	ADJ
འི་	གི་	PART
སྲོག་སྐྱབས་	སྲོག་སྐྱབས་	NO_POS
ཐུབ་པ་	ཐུབ་པ་	VERB
བྱུང་	བྱུང་	VERB
འདུག་	འདུག་	VERB
སྤྱི་		
ལྭ་	ལྭ་	NO_POS
དཀ་	དཀའ་	VERB
ར་	ལ་	PART
ཚང་	ཚང་	VERB
གིས་	གིས་	PART
སྨན་	སྨན་	NOUN
དགེ་	དགེ་	NOUN
གནང་	གནང་	NO_POS
སྐབས་	སྐབས་	NOUN
སྨན་	སྨན་	NOUN
ལ་	ལ་	ADP
རིན་པ་	རིན་པ་	NOUN
ལྟ་ཞོག་	ལྟ་ཞོག་	NO_POS
ཐ་ན་	ཐ་ན་	NO_POS
ད་	ད་	NOUN
ཁ་ཙམ་	ཁ་ཙམ་	NO_POS
ཞིག་	ཅིག་	PART
ཀྱང་	ཀྱང་	PART
མི་	མི་	PART
བཞེས་པ་	བཞེས་པ་	VERB
མི་ཚེ་	མི་ཚེ་	NOUN
དགེ་ཕྱོགས་	དགེ་ཕྱོགས་	NO_POS
སུ་	སུ་	ADP
བསྐྱལ་	བསྐྱལ་	NO_POS
།		PUNCT
ཁོང་	ཁོང་	PRON
རྣམ་	རྣམ་	NOUN
གཉིས་	གཉིས་	NUM
ཀྱིས་	གིས་	PART
ཨོ་རྒྱན་	ཨོ་རྒྱན་	PROPN
པདྨ་	པདྨ་	NOUN
འི་	གི་	PART
རྣམ་འཕྲུལ་	རྣམ་འཕྲུལ་	NOUN
དབུ་	དབུ་	NOUN
ནག་	ནག་	VERB
བོད་	བོད་	PROPN
ཀྱི་	གི་	PART
ལྷ་	ལྷ་	NOUN
སྐལ་	སྐལ་	NOUN
སྐུ་	སྐུ་	NOUN
རྗེ་	རྗེ་	NO_POS
སེང་	སེང་	NOUN
ཆེན་	ཆེན་	NO_POS
གེ་སར་	གེ་སར་	PROPN
ནོར་བུ་	ནོར་བུ་	NOUN
དགྲ་	དགྲ་	NOUN
འདུལ་	འདུལ་	NO_POS
གྱི་	གི་	PART
གཅེན་པོ་	གཅེན་པོ་	NO_POS
འབུམ་པ་	འབུམ་པ་	NUM
འི་	གི་	PART
རྒྱ་	རྒྱ་	NOUN
ཚ་	ཚ་	VERB
ཞལ་དཀར་	ཞལ་དཀར་	OTHER
ན་	ནས་	PART
རིམ་པ་	རིམ་པ་	NOUN
ར་	ལ་	PART
བརྒྱུད་པ་	བརྒྱུད་པ་	VERB
གླིང་	གླིང་	NOUN
རྒྱལ་དབང་	རྒྱལ་དབང་	NOUN
ཆེན་	ཆེན་	NO_POS
བསྟན་འཛིན་	བསྟན་འཛིན་	NOUN
ཆོ་	ཆོ་	NOUN
ཀྱི་	གི་	PART
རྒྱལ་པོ་	རྒྱལ་པོ་	NOUN
འི་	གི་	PART
སྲས་མོ་	སྲས་མོ་	NOUN
བདེ་ཆེན་	བདེ་ཆེན་	NOUN
མཚོ་	མཚོ་	NOUN
བཙུན་མོ་	བཙུན་མོ་	NOUN
ར་	ལ་	PART
བསུས་	བསུས་	VERB
།		PUNCT
ཁོང་	ཁོང་	PRON
ལ་	ལ་	ADP
སྲ་	སྲ་	NOUN
གཅིག་	གཅིག་	NUM
དང་	དང་	NO_POS
སྲས་མོ་	སྲས་མོ་	NOUN
གཉིས་	གཉིས་	NUM
འཁྲུངས་པ་	འཁྲུངས་པ་	VERB
ལ་	ལ་	ADP
ས་	གིས་	PART
།		PUNCT
སྲ་	སྲ་	NOUN
མ་	མ་	PART
བཞུགས་	བཞུགས་	VERB
།		PUNCT
སྲས་མོ་	སྲས་མོ་	NOUN
ཆུང་བ་	ཆུང་བ་	VERB
རྗེ་བཙུན་	རྗེ་བཙུན་	NOUN
སྒྲོལ་མ་	སྒྲོལ་མ་	PROPN
མངོན་སུམ་	མངོན་སུམ་	NOUN
ཡིན་པ་	ཡིན་པ་	AUX
མཁའ་འགྲོ་	མཁའ་འགྲོ་	NOUN
ཚེ་རིང་	ཚེ་རིང་	NOUN
ཆོ་	ཆོ་	NOUN
སྒྲོན་	སྒྲོན་	NOUN
ཞེས་་	ཞེས་པ་	PART
དེ་	དེ་	DET
དགུང་ལོ་	དགུང་ལོ་	NOUN
བཅུ་དྲུག་	བཅུ་དྲུག་	NO_POS
ལ་	ལ་	ADP
།		PUNCT
མཆོད་འབུལ་	མཆོད་འབུལ་	NOUN
ཞིག་	ཅིག་	PART
ཕེབས་	ཕེབས་	NO_POS
སྐབས་	སྐབས་	NOUN
།		PUNCT
སྲིད་	སྲིད་	NOUN
གསུམ་	གསུམ་	NUM
ནང་	ནང་	NOUN
འགྲན་ཟླ་	འགྲན་ཟླ་	NOUN
དང་	དང་	NO_POS
བྲལ་བ་	བྲལ་བ་	VERB
འཇམ་དབྱངས་	འཇམ་དབྱངས་	PROPN
མཁྱེན་བརྩེ་	མཁྱེན་བརྩེ་	PROPN
ཆོ་	ཆོ་	NOUN
ཀྱི་	གི་	PART
བློ་གྲོས་	བློ་གྲོས་	NOUN
ཞེ་	ཅེས་	PART
རང་ཅག་	རང་ཅག་	PRON
རྣམས་	རྣམས་	DET
ལ་	ལ་	ADP
བཀའ་དྲིན་	བཀའ་དྲིན་	NOUN
སངས་རྒྱས་	སངས་རྒྱས་	NOUN
ལ་	ལ་	ADP
ས་	གིས་	PART
ཆེ་བ་	ཆེ་བ་	VERB
དེ་ཉིད་	དེ་ཉིད་	NOUN
སྐུ་ཚེ་	སྐུ་ཚེ་	NOUN
མི་	མི་	PART
བརྟན་པ་	བརྟན་པ་	VERB
ས་	གིས་	PART
།		PUNCT
བཀའ་འགྱུར་	བཀའ་འགྱུར་	NOUN
བརྒྱ་	བརྒྱ་	NUM
ཚ་	ཚ་	VERB
འདོན་	འདོན་	VERB
ཀྱང་	ཀྱང་	PART
མ་	མ་	PART
ཕན་	ཕན་	NOUN
ན་	ནས་	PART
།		PUNCT
སྐྱེས་ཆེན་	སྐྱེས་ཆེན་	OTHER
དུ་མ་	དུ་མ་	ADJ
ས་	གིས་	PART
གསང་ཡུམ་	གསང་ཡུམ་	NO_POS
བཞེས་	བཞེས་	VERB
དགོས་པ་	དགོས་པ་	VERB
འི་	གི་	PART
ཞུ་བ་	ཞུ་བ་	VERB
ཡང་ན་	ཡང་ན་	NO_POS
ས་	གིས་	PART
ཡང་	ཀྱང་	PART
དུ་	ལ་	PART
ཕུལ་	ཕུལ་	VERB
ཀྱང་	ཀྱང་	PART
མ་	མ་	PART
གསན་	གསན་	NO_POS
།		PUNCT
དེ་ནས་	དེ་ནས་	NO_POS
དེ་དག་	དེ་དག་	OTHER
གྲོ་	གྲོ་	NOUN
བྱས་པ་	བྱས་པ་	VERB
ས་	གིས་	PART
རྗེ་བཙུན་	རྗེ་བཙུན་	NOUN
སྒྲོལ་མ་	སྒྲོལ་མ་	PROPN
འི་	གི་	PART
སྐུ་འདྲ་	སྐུ་འདྲ་	NO_POS
ཞིག་	ཅིག་	PART
གསང་ཡུམ་	གསང་ཡུམ་	NO_POS
གྱི་	གི་	PART
ཚུལ་	ཚུལ་	NOUN
དུ་	ལ་	PART
སྤྱན་	སྤྱན་	NOUN
དྲངས་	དྲངས་	NO_POS
ན་	ནས་	PART
།		PUNCT
རྟགས་	རྟགས་	NOUN
མཚན་	མཚན་	NOUN
བརྟགས་པ་	བརྟགས་པ་	VERB
དང་	དང་	NO_POS
དུས་མཉམ་	དུས་མཉམ་	ADV
དུ་	ལ་	PART
མཁའ་འགྲོ་	མཁའ་འགྲོ་	NOUN
ཚེ་རིང་	ཚེ་རིང་	NOUN
ཆོ་	ཆོ་	NOUN
སྒྲོན་	སྒྲོན་	NOUN
ཡང་	ཀྱང་	PART
ཕེབས་ལམ་	ཕེབས་ལམ་	OTHER
ནོར་	ནོར་	NOUN
ན་	ནས་	PART
འདི་	འདི་	DET
ར་	ལ་	PART
ཕེབས་	ཕེབས་	NO_POS
བྱུང་བ་	བྱུང་བ་	VERB
ས་	གིས་	PART
གསང་ཡུམ་	གསང་ཡུམ་	NO_POS
དུ་	ལ་	PART
མངའ་	མངའ་	VERB
གསོལ་	གསོལ་	VERB
མཛད་པ་	མཛད་པ་	VERB
ས་	གིས་	PART
།		PUNCT
སྐུ་ཚེ་	སྐུ་ཚེ་	NOUN
ཞབས་པད་	ཞབས་པད་	NOUN
བརྟན་	བརྟན་	VERB
ན་	ནས་	PART
མི་ལོ་	མི་ལོ་	NOUN
མང་པོ་	མང་པོ་	ADJ
ར་	ལ་	PART
བསྟན་པ་	བསྟན་པ་	VERB
དང་སེམས་	དང་སེམས་	NO_POS
ཅན་	ཅན་	PART
ལ་	ལ་	ADP
ཕན་	ཕན་	NOUN
ཐོགས་	ཐོགས་	VERB
རྒྱ་ཆེན་པོ་	རྒྱ་ཆེན་པོ་	ADJ
བྱུང་བ་	བྱུང་བ་	VERB
སོགས་	སོགས་	DET
ཚང་མ་	ཚང་མ་	OTHER
ས་	གིས་	PART
མ་	མ་	PART
མཁྱེན་པ་	མཁྱེན་པ་	VERB
མེད་པ་	མེད་པ་	VERB
ཞིག་	ཅིག་	PART
ཡིན་པ་	ཡིན་པ་	AUX
ས་	གིས་	PART
།		PUNCT
རེ་ཞིག་	རེ་ཞིག་	NO_POS
འདི་	འདི་	DET
ར་	ལ་	PART
མ་	མ་	PART
སྨྲོས་	སྨྲོས་	VERB
།		PUNCT
དེ་ནས་	དེ་ནས་	NO_POS
སྲས་མོ་	སྲས་མོ་	NOUN
ཆེ་བ་	ཆེ་བ་	VERB
མཁའ་འགྲོ་	མཁའ་འགྲོ་	NOUN
ཡོངས་	ཡོངས་	DET
ཀྱི་	གི་	PART
ཐུགས་	ཐུགས་	NOUN
བརྩེ་	བརྩེ་	NO_POS
གཅིག་	གཅིག་	NUM
འདུ་	འདུ་	VERB
ལ་	ལ་	ADP
ས་	གིས་	PART
འཁྲུངས་པ་	འཁྲུངས་པ་	VERB
འི་	གི་	PART
པདྨ་	པདྨ་	NOUN
ཚེ་རིང་	ཚེ་རིང་	NOUN
དབང་	དབང་	NOUN
མོ་	མོ་	PRON
ཞེ་	ཅེས་	PART
དད་	དད་	VERB
ལྡན་	ལྡན་	VERB
ལྷག་བསམ་	ལྷག་བསམ་	NOUN
མཚུངས་མེད་	མཚུངས་མེད་	OTHER
དམ་པ་	དམ་པ་	VERB
དེ་	དེ་	DET
ལ་	ལ་	ADP
།		PUNCT
སྤྱིར་བཏང་	སྤྱིར་བཏང་	OTHER
རང་ཅག་	རང་ཅག་	PRON
རྣམས་	རྣམས་	DET
ཀྱི་	གི་	PART
མིག་	མིག་	NOUN
ལྟ་བུ་	ལྟ་བུ་	NOUN
མེད་	མེད་	VERB
དུ་	ལ་	PART
མི་	མི་	PART
རུང་བ་	རུང་བ་	VERB
བསོད་	བསོད་	NO_POS
རྒྱལ་	རྒྱལ་	VERB
རིན་པོ་ཆེ་	རིན་པོ་ཆེ་	ADJ
ཞེ་	ཅེས་	PART
འཇིག་རྟེན་	འཇིག་རྟེན་	NOUN
འདི་	འདི་	DET
ར་	ལ་	PART
མཚན་	མཚན་	NOUN
ཉི་ཟླ་	ཉི་ཟླ་	NOUN
ལྟ་	ལྟ་	OTHER
གྲགས་པ་	གྲགས་པ་	VERB
འདི་	འདི་	DET
བལྟམས་	བལྟམས་	NO_POS
།		PUNCT
བསྟན་འཛིན་	བསྟན་འཛིན་	NOUN
གྱི་	གི་	PART
སྐྱེས་བུ་	སྐྱེས་བུ་	NOUN
དུ་མ་	དུ་མ་	ADJ
ས་	གིས་	PART
གཏེར་སྟོན་	གཏེར་སྟོན་	OTHER
ལ་	ལ་	ADP
ས་	གིས་	PART
རབ་	རབ་	ADV
གླིང་པ་	གླིང་པ་	NOUN
འི་	གི་	PART
སྐུ་སྐྱེ་	སྐུ་སྐྱེ་	PROPN
ཚད་མ་	ཚད་མ་	NOUN
ཡིན་པ་	ཡིན་པ་	AUX
འི་	གི་	PART
ལུང་	ལུང་	NOUN
གིས་	གིས་	PART
བསྔགས་པ་	བསྔགས་པ་	VERB
འི་	གི་	PART
མེ་ཏོག་	མེ་ཏོག་	NOUN
ཡང་ན་	ཡང་ན་	NO_POS
ས་	གིས་	PART
ཡང་	ཀྱང་	PART
དུ་	ལ་	PART
འཐོར་	འཐོར་	VERB
།		PUNCT
ཐོག་མ་	ཐོག་མ་	NOUN
ར་	ལ་	PART
སྐུ་	སྐུ་	NOUN
འཁྲུངས་	འཁྲུངས་	NO_POS
སྐབས་	སྐབས་	NOUN
།		PUNCT
ཁང་ཐོག་	ཁང་ཐོག་	NOUN
ཏུ་	ལ་	PART
འཇའ་གུར་	འཇའ་གུར་	NO_POS
ཕུབ་པ་	ཕུབ་པ་	VERB
ལ་སོགས་པ་	ལ་སོགས་པ་	NO_POS
འི་	གི་	PART
བཀྲ་ཤིས་པ་	བཀྲ་ཤིས་པ་	NOUN
འི་	གི་	PART
ལྟ་	ལྟ་	NOUN
དང་	དང་	NO_POS
བཅའ་	བཅའ་	VERB
ན་	ནས་	PART
ཟླ་ཚེས་	ཟླ་ཚེས་	OTHER
བཟང་པོ་	བཟང་པོ་	ADJ
ར་	ལ་	PART
ཡུམ་	ཡུམ་	NOUN
ལ་	ལ་	ADP
རྐྱེན་ངན་	རྐྱེན་ངན་	NOUN
ཅུང་	ཅུང་	OTHER
ཙམ་	ཙམ་	DET
ཡང་	ཀྱང་	PART
མེད་པ་	མེད་པ་	VERB
ར་	ལ་	PART
བལྟམས་	བལྟམས་	NO_POS
།		PUNCT
དེ་ལས་	དེ་ལས་	NO_POS
ཟླ་བ་	ཟླ་བ་	NOUN
དྲུག་	དྲུག་	NUM
ཙམ་	ཙམ་	DET
ཞིག་	ཅིག་	PART
གི་	གི་	PART
རྗེས་	རྗེས་	NOUN
ལ་འཇམ་	ལ་འཇམ་	NO_POS
དབྱངས་	དབྱངས་	NOUN
མཁྱེན་བརྩེ་	མཁྱེན་བརྩེ་	PROPN
ཆོ་	ཆོ་	NOUN
ཀྱི་	གི་	PART
བློ་གྲོས་	བློ་གྲོས་	NOUN
ཀྱིས་	གིས་	PART
།		PUNCT
མཁྱེན་བརྩེ་	མཁྱེན་བརྩེ་	PROPN
རང་	རང་	PRON
གི་	གི་	PART
གདན་ས་	གདན་ས་	NOUN
ར་	ལ་	PART
སྤྱན་	སྤྱན་	NOUN
དྲངས་པ་	དྲངས་པ་	VERB
ས་	གིས་	PART
།		PUNCT
ཡབ་	ཡབ་	NOUN
འཇམ་	འཇམ་	VERB
དགའ་	དགའ་	VERB
དང་	དང་	NO_POS
།		PUNCT
ཡུམ་	ཡུམ་	NOUN
པདྨ་	པདྨ་	NOUN
ཚེ་རིང་	ཚེ་རིང་	NOUN
དབང་	དབང་	NOUN
མོ་	མོ་	PRON
།		PUNCT
ཨ་ནེ་	ཨ་ནེ་	NOUN
པདྨ་	པདྨ་	NOUN
ལྷ་མོ་	ལྷ་མོ་	NOUN
།		PUNCT
གཡོག་པོ་	གཡོག་པོ་	NOUN
ཚེ་རིང་	ཚེ་རིང་	NOUN
པད་	པད་	NO_POS
པད་	པད་	NO_POS
།		PUNCT
གཡོག་མོ་	གཡོག་མོ་	NOUN
ཨ་	ཨ་	X
པད་	པད་	NO_POS
ལྷ་	ལྷ་	NOUN
འཛོམས་	འཛོམས་	VERB
།		PUNCT
གཞན་	གཞན་	DET
ཡང་	ཀྱང་	PART
སྐུ་འཁོར་	སྐུ་འཁོར་	OTHER
མང་པོ་	མང་པོ་	ADJ
དང་	དང་	NO_POS
ལྷན་ཅིག་	ལྷན་ཅིག་	OTHER
ཏུ་	ལ་	PART
ཕེབས་པ་	ཕེབས་པ་	VERB
འི་	གི་	PART
ལམ་	གམ་	PART
དུ་	ལ་	PART
བཛྲ་	བཛྲ་	NO_POS
གུ་རུ་	གུ་རུ་	PROPN
ཚ་	ཚ་	VERB
གསུམ་	གསུམ་	NUM
འདོན་	འདོན་	VERB
ན་	ནས་	PART
གསུང་	གསུང་	VERB
དང་པོ་	དང་པོ་	ADJ
དེ་ནས་	དེ་ནས་	NO_POS
བྱོན་	བྱོན་	VERB
།		PUNCT
དེ་ནས་	དེ་ནས་	NO_POS
མཁྱེན་	མཁྱེན་	VERB
བརྩེརིན་པོ་	བརྩེརིན་པོ་	NON_WORD
ཆེ་	ཆེ་	VERB
གཟའ་སྐར་	གཟའ་སྐར་	OTHER
འཕྲོད་སྦྱོར་	འཕྲོད་སྦྱོར་	OTHER
དང་	དང་	NO_POS
བསྟུན་	བསྟུན་	NO_POS
ན་	ནས་	PART
ཞལ་ལག་	ཞལ་ལག་	NO_POS
ལ་	ལ་	ADP
ཕེབས་	ཕེབས་	NO_POS
ཤོག་	ཤོག་	VERB
ཅེས་	ཅེས་	PART
གསུངས་པ་	གསུངས་པ་	VERB
ས་	གིས་	PART
།		PUNCT
ཞལ་ལག་	ཞལ་ལག་	NO_POS
ལ་	ལ་	ADP
ཕེབས་པ་	ཕེབས་པ་	VERB
ས་	གིས་	PART
ཁྲི་	ཁྲི་	NUM
ར་	ལ་	PART
མངའ་	མངའ་	VERB
གསོལ་	གསོལ་	VERB
མཛད་པ་	མཛད་པ་	VERB
ས་	གིས་	PART
།		PUNCT
ཨ་ནེ་	ཨ་ནེ་	NOUN
ཧ་ལ་	ཧ་ལ་	NO_POS
ས་	གིས་	PART
ན་	ནས་	PART
ཅི་	ཅི་	NO_POS
གནང་	གནང་	NO_POS
གིན་	གིན་	PART
ཡོད་	ཡོད་	VERB
།		PUNCT
ང་	ང་	PRON
ཚོ་	ཚོ་	DET
ལ་	ལ་	ADP
བུ་	བུ་	NOUN
དེ་	དེ་	DET
མ་གཏོགས་	མ་གཏོགས་	NO_POS
མེད་	མེད་	VERB
སུ་	སུ་	ADP
ལ་	ལ་	ADP
ཡང་	ཀྱང་	PART
མི་	མི་	PART
སྤྲོད་	སྤྲོད་	VERB
ཅེས་	ཅེས་	PART
ཞུ་བ་	ཞུ་བ་	VERB
འི་	གི་	PART
ལེན་	ལེན་	VERB
དུ་	ལ་	PART
།		PUNCT
གཏེར་སྟོན་	གཏེར་སྟོན་	OTHER
གྱི་	གི་	PART
སྐུ་སྐྱེ་	སྐུ་སྐྱེ་	PROPN
ཚད་མ་	ཚད་མ་	NOUN
ཡིན་པ་	ཡིན་པ་	AUX
འི་	གི་	PART
ཕྱག་བྲིས་	ཕྱག་བྲིས་	OTHER
ཀྱང་	ཀྱང་	PART
གསལ་པོ་	གསལ་པོ་	ADJ
གནང་	གནང་	NO_POS
ཡོད་	ཡོད་	VERB
།		PUNCT
དེ་ནས་	དེ་ནས་	NO_POS
ཡང་	ཀྱང་	PART
སྐྱ་	སྐྱ་	VERB
ར་	ལ་	PART
།		PUNCT
ཧོར་	ཧོར་	PROPN
ལ་	ལ་	ADP
ཕེབས་	ཕེབས་	NO_POS
ན་	ནས་	PART
རང་	རང་	PRON
གི་	གི་	PART
གཟིམས་	གཟིམས་	NO_POS
ཁང་	ཁང་	NOUN
དུ་	ལ་	PART
སྐུ་རྩེད་	སྐུ་རྩེད་	NOUN
གནང་བ་	གནང་བ་	NO_POS
འི་	གི་	PART
གདན་	གདན་	NOUN
གསེབ་	གསེབ་	NOUN
ན་	ནས་	PART
རྡོ་རྗེ་	རྡོ་རྗེ་	NOUN
ཕུར་པ་	ཕུར་པ་	NOUN
གསུམ་	གསུམ་	NUM
བླངས་པ་	བླངས་པ་	VERB
ས་	གིས་	PART
།		PUNCT
ཕ་མ་	ཕ་མ་	NOUN
ས་	གིས་	PART
།		PUNCT
དེ་	དེ་	DET
སུ་	སུ་	ADP
ཡི་	ཡི་	ADP
རེད་	རེད་	VERB
ཅེས་	ཅེས་	PART
བདག་པོ་	བདག་པོ་	NOUN
ཡང་ཡང་	ཡང་ཡང་	NO_POS
དུ་	ལ་	PART
འཚོལ་	འཚོལ་	VERB
ཀྱང་	ཀྱང་	PART
མ་	མ་	PART
རྙེད་པ་	རྙེད་པ་	VERB
ས་	གིས་	PART
།		PUNCT
ཕྱག་རྟེན་	ཕྱག་རྟེན་	NOUN
དུ་	ལ་	PART
བཞག་	བཞག་	VERB
ད་དུང་	ད་དུང་	ADV
གུ་རུ་	གུ་རུ་	PROPN
འི་	གི་	PART
ལྷ་ཁང་	ལྷ་ཁང་	NOUN
དུ་	ལ་	PART
སྐུ་རྩེད་	སྐུ་རྩེད་	NOUN
གནང་	གནང་	NO_POS
ན་	ནས་	PART
བཞུགས་པ་	བཞུགས་པ་	VERB
འི་	གི་	PART
དུས་	དུས་	NOUN
གཅིག་	གཅིག་	NUM
ཏུ་	ལ་	PART
།		PUNCT
ཨ་རོགས་	ཨ་རོགས་	NO_POS
ཤོག་	ཤོག་	VERB
དང་	དང་	NO_POS
།		PUNCT
གུ་རུ་	གུ་རུ་	PROPN
རིན་པོ་ཆེ་	རིན་པོ་ཆེ་	ADJ
བཞེངས་	བཞེངས་	NO_POS
སོང་	སོང་	VERB
ཞེ་	ཅེས་	PART
སྐད་	སྐད་	NOUN
ཆེན་པོ་	ཆེན་པོ་	ADJ
ཞིག་	ཅིག་	PART
རྒྱབ་པ་	རྒྱབ་པ་	NOUN
ས་	གིས་	PART
།		PUNCT
གཞན་དག་	གཞན་དག་	NO_POS
དེ་	དེ་	DET
ར་	ལ་	PART
འགྲོ་བ་	འགྲོ་བ་	VERB
དང་	དང་	NO_POS
ཡང་	ཀྱང་	PART
གུ་རུ་	གུ་རུ་	PROPN
བཞུགས་	བཞུགས་	VERB
ཚ་	ཚ་	VERB
།		PUNCT
ཡིན་	ཡིན་	NO_POS
ན་	ན་	ADP
ཡང་	ཀྱང་	PART
ཁ་	ཁ་	PRON
ཊྭཱཾ་		NON_WORD
ག་	ག་	PRON
སིལ་སིལ་	སིལ་སིལ་	NO_POS
ཞེ་	ཅེས་	PART
སྒྲ་	སྒྲ་	NOUN
དང་	དང་	NO_POS
བཅས་པ་	བཅས་པ་	VERB
འགུལ་	འགུལ་	NO_POS
ཡོད་པ་	ཡོད་པ་	VERB
དེ་	དེ་	DET
འདྲ་	འདྲ་	VERB
མཇལ་	མཇལ་	NO_POS
འདུག་	འདུག་	VERB
དེ་	དེ་	DET
ར་	ལ་	PART
མ་	མ་	PART
ཚད་	ཚད་	NOUN
སྐུ་	སྐུ་	NOUN
ཆུང་ངུ་	ཆུང་ངུ་	ADJ
འི་	གི་	PART
དུས་	དུས་	NOUN
ན་	ནས་	PART
བྱིས་པ་	བྱིས་པ་	NOUN
གཞན་	གཞན་	DET
དང་	དང་	NO_POS
མི་	མི་	PART
འདྲ་བ་	འདྲ་བ་	VERB
།		PUNCT
རྩེད་ཆས་	རྩེད་ཆས་	OTHER
ཀྱང་	ཀྱང་	PART
རོལ་མོ་	རོལ་མོ་	NOUN
སོགས་	སོགས་	DET
ལ་	ལ་	ADP
མཉེས་པ་	མཉེས་པ་	VERB
ལ་སོགས་པ་	ལ་སོགས་པ་	NO_POS
འི་	གི་	PART
ཡ་རབས་	ཡ་རབས་	NOUN
ཀྱི་	གི་	PART
སྤྱོད་པ་	སྤྱོད་པ་	VERB
བཟང་པོ་	བཟང་པོ་	ADJ
ལ་	ལ་	ADP
ཤིན་ཏུ་	ཤིན་ཏུ་	NO_POS
ན་	ནས་	PART
ཀྱང་	ཀྱང་	PART
དགྱེས་	དགྱེས་	NO_POS
།		PUNCT
དེ་ནས་	དེ་ནས་	NO_POS
འཇམ་དབྱངས་	འཇམ་དབྱངས་	PROPN
མཁྱེན་བརྩེ་	མཁྱེན་བརྩེ་	PROPN
དབང་པོ་	དབང་པོ་	NOUN
འི་	གི་	PART
གཙོ་	གཙོ་	NOUN
ས་	གིས་	PART
སྐུ་འཁོར་	སྐུ་འཁོར་	OTHER
ལྔ་	ལྔ་	NUM
བཅུ་	བཅུ་	NUM
ང་	ང་	PRON
ལྔ་	ལྔ་	NUM
ཙམ་	ཙམ་	DET
དང་	དང་	NO_POS
བཅའ་	བཅའ་	VERB
།		PUNCT
རྒྱ་གར་	རྒྱ་གར་	PROPN
འཕགས་པ་	འཕགས་པ་	VERB
འི་	གི་	PART
ཡུལ་	ཡུལ་	NOUN
དུ་	ལ་	PART
འབྱོར་	འབྱོར་	VERB
།		PUNCT
མཁྱེན་བརྩེ་	མཁྱེན་བརྩེ་	PROPN
རིན་པོ་ཆེ་	རིན་པོ་ཆེ་	ADJ
ཞིང་	ཞིང་	SCONJ
ལ་	ལ་	ADP
གཤེགས་	གཤེགས་	VERB
དུས་	དུས་	NOUN
སུ་	སུ་	ADP
།		PUNCT
མཁན་པོ་	མཁན་པོ་	NOUN
ཨ་	ཨ་	X
པད་	པད་	NO_POS
ལ་	ལ་	ADP
བསོད་	བསོད་	NO_POS
རྒྱལ་	རྒྱལ་	VERB
རིན་པོ་ཆེ་	རིན་པོ་ཆེ་	ADJ
ར་	ལ་	PART
སྐུ་ཡོན་	སྐུ་ཡོན་	NO_POS
ཡག་པོ་	ཡག་པོ་	OTHER
ཞིག་	ཅིག་	PART
ཕུལ་	ཕུལ་	VERB
ཞེ་	ཅེས་	PART
གསུངས་	གསུངས་	VERB
ཡོད་པ་	ཡོད་པ་	VERB
ས་	གིས་	PART
།		PUNCT
དེ་ནས་	དེ་ནས་	NO_POS
མཁན་པོ་	མཁན་པོ་	NOUN
ཨ་	ཨ་	X
པད་	པད་	NO_POS
ཀྱིས་	གིས་	PART
སྐུ་ཡོན་	སྐུ་ཡོན་	NO_POS
ཕུལ་	ཕུལ་	VERB
དུས་	དུས་	NOUN
སུ་	སུ་	ADP
ཡང་	ཀྱང་	PART
།		PUNCT
སྤྱིར་བཏང་	སྤྱིར་བཏང་	OTHER
བླ་སྤྲུལ་	བླ་སྤྲུལ་	NO_POS
མང་པོ་	མང་པོ་	ADJ
ཡོད་	ཡོད་	VERB
ཀྱང་	ཀྱང་	PART
རྒྱུགས་སྤྲོད་	རྒྱུགས་སྤྲོད་	NO_POS
བྱ་	བྱ་	VERB
དུས་	དུས་	NOUN
རིན་པོ་ཆེ་	རིན་པོ་ཆེ་	ADJ
དེ་ཉིད་	དེ་ཉིད་	NOUN
ཨང་	ཨང་	NO_POS
དང་པོ་	དང་པོ་	ADJ
གཉིས་པ་	གཉིས་པ་	NUM
ར་	ལ་	PART
སླེབས་	སླེབས་	VERB
ཡོད་པ་	ཡོད་པ་	VERB
མ་	མ་	PART
ཚད་	ཚད་	NOUN
།		PUNCT
སློབ་	སློབ་	VERB
གྲྭར་		NON_WORD
ཕེབས་	ཕེབས་	NO_POS
སྐབས་	སྐབས་	NOUN
སུ་	སུ་	ADP
ཡང་	ཀྱང་	PART
།		PUNCT
བྱིས་པ་	བྱིས་པ་	NOUN
གཞན་	གཞན་	DET
དང་	དང་	NO_POS
མི་	མི་	PART
འདྲ་བ་	འདྲ་བ་	VERB
ར་	ལ་	PART
ལོ་	ལོ་	NOUN
རེ་	རེ་	DET
ལ་	ལ་	ADP
འཛིན་གྲྭ་	འཛིན་གྲྭ་	NOUN
གཉིས་	གཉིས་	NUM
རེ་	རེ་	DET
མཉམ་	མཉམ་	VERB
དུ་	ལ་	PART
མཐ་	མཐའ་	NOUN
ར་	ལ་	PART
ཕྱིན་	ཕྱིན་	VERB
ཡོད་པ་	ཡོད་པ་	VERB
རེད་	རེད་	VERB
།		PUNCT
དེ་	དེ་	DET
འི་	གི་	PART
མ་	མ་	PART
ཚད་	ཚད་	NOUN
བྱམས་བརྩེ་	བྱམས་བརྩེ་	OTHER
ལྡན་	ལྡན་	VERB
ལ་	ལ་	ADP
ཐུགས་	ཐུགས་	NOUN
རིགས་	རིགས་	NOUN
བཀྲ་བ་	བཀྲ་བ་	VERB
ས་	གིས་	PART
།		PUNCT
ཕ་མ་	ཕ་མ་	NOUN
འི་	གི་	PART
སྐྱིད་སྡུག་	སྐྱིད་སྡུག་	NOUN
ལ་	ལ་	ADP
གཟིགས་	གཟིགས་	VERB
ན་	ནས་	PART
།		PUNCT
གཟིམས་	གཟིམས་	NO_POS
ཁང་	ཁང་	NOUN
ཡང་སློབ་	ཡང་སློབ་	NOUN
གྲྭའི་		NON_WORD
ཕྱི་ལོགས་	ཕྱི་ལོགས་	NO_POS
ལ་	ལ་	ADP
བཞུགས་པ་	བཞུགས་པ་	VERB
ས་	གིས་	PART
།		PUNCT
དགེ་རྒན་	དགེ་རྒན་	OTHER
རྣམ་པ་	རྣམ་པ་	NOUN
ས་	གིས་	PART
།		PUNCT
རིན་པོ་ཆེ་	རིན་པོ་ཆེ་	ADJ
ལ་	ལ་	ADP
ཕྱི་ལོགས་	ཕྱི་ལོགས་	NO_POS
བཞུགས་	བཞུགས་	VERB
དགོས་པ་	དགོས་པ་	VERB
འི་	གི་	PART
བསྐོར་	བསྐོར་	VERB
ཞུས་པ་	ཞུས་པ་	VERB
འི་	གི་	PART
ལེན་	ལེན་	VERB
དུ་	ལ་	PART
།		PUNCT
ཕ་མ་	ཕ་མ་	NOUN
གཉིས་	གཉིས་	NUM
ལ་	ལ་	ADP
བླ་རྒན་	བླ་རྒན་	NO_POS
ལྔ་	ལྔ་	NUM
བཅུ་	བཅུ་	NUM
ང་	ང་	PRON
ལྔ་	ལྔ་	NUM
ཙམ་	ཙམ་	DET
ཞིག་གསོ་	ཞིག་གསོ་	NO_POS
ཡ་	ཡ་	NOUN
ཡོད་པ་	ཡོད་པ་	VERB
ས་	གིས་	PART
།		PUNCT
དཔལ་འབྱོར་	དཔལ་འབྱོར་	OTHER
ལ་	ལ་	ADP
དཀའ་ངལ་	དཀའ་ངལ་	OTHER
ཏོག་ཙམ་	ཏོག་ཙམ་	NO_POS
འདུག་	འདུག་	VERB
ཅེས་	ཅེས་	PART
གསུངས་པ་	གསུངས་པ་	VERB
ས་	གིས་	PART
།		PUNCT
དེ་ནས་	དེ་ནས་	NO_POS
།		PUNCT
དེ་དག་	དེ་དག་	OTHER
གིས་	གིས་	PART
སང་ཉིན་	སང་ཉིན་	ADV
གནངས་ཉིན་	གནངས་ཉིན་	NOUN
ཕྱི་	ཕྱི་	NOUN
འི་	གི་	PART
རྒྱལ་ཁབ་	རྒྱལ་ཁབ་	NOUN
ན་	ནས་	PART
སྐུ་མགྲོན་	སྐུ་མགྲོན་	OTHER
ཞིག་	ཅིག་	PART
ཕེབས་	ཕེབས་	NO_POS
ཡོང་	ཡོང་	NO_POS
གི་	གི་	PART
རེད་	རེད་	VERB
།		PUNCT
དེ་དུས་	དེ་དུས་	PRON
རང་	རང་	PRON
གིས་	གིས་	PART
གསུང་རྩོམ་	གསུང་རྩོམ་	OTHER
ཞིག་	ཅིག་	PART
བྲི་	བྲི་	NO_POS
གནང་	གནང་	NO_POS
ཞེ་	ཅེས་	PART
ཞུས་པ་	ཞུས་པ་	VERB
ས་	གིས་	PART
།		PUNCT
རིན་པོ་ཆེ་	རིན་པོ་ཆེ་	ADJ
ས་	གིས་	PART
གསུང་རྩོམ་	གསུང་རྩོམ་	OTHER
བྲིས་	བྲིས་	VERB
གནང་	གནང་	NO_POS
བ་	བ་	ADP
།		PUNCT
སྐུ་མགྲོན་	སྐུ་མགྲོན་	OTHER
དེ་	དེ་	DET
ས་	གིས་	PART
གཟིགས་	གཟིགས་	VERB
ན་	ནས་	PART
།		PUNCT
དེ་	དེ་	DET
སུ་	སུ་	ADP
ས་	གིས་	PART
བྲིས་པ་	བྲིས་པ་	VERB
རེད་	རེད་	VERB
ཅེས་	ཅེས་	PART
དྲི་བ་	དྲི་བ་	VERB
འི་	གི་	PART
ལེན་	ལེན་	VERB
དུ་	ལ་	PART
།		PUNCT
དགེ་རྒན་	དགེ་རྒན་	OTHER
རྣམ་པ་	རྣམ་པ་	NOUN
ས་	གིས་	PART
།		PUNCT
དེ་	དེ་	DET
འཛིན་གྲྭ་	འཛིན་གྲྭ་	NOUN
ལྔ་པ་	ལྔ་པ་	NUM
འི་	གི་	PART
སྤུ་	སྤུ་	NOUN
གུ་	གུ་	OTHER
གཅིག་	གཅིག་	NUM
གིས་	གིས་	PART
བྲིས་པ་	བྲིས་པ་	VERB
ཡིན་	ཡིན་	NO_POS
ཞེ་	ཅེས་	PART
ཞུས་པ་	ཞུས་པ་	VERB
ས་	གིས་	PART
།		PUNCT
ཁོང་	ཁོང་	PRON
ཧ་ལ་	ཧ་ལ་	NO_POS
ས་	གིས་	PART
ན་	ནས་	PART
འཛིན་གྲྭ་	འཛིན་གྲྭ་	NOUN
ལྔ་པ་	ལྔ་པ་	NUM
འི་	གི་	PART
སྤུ་	སྤུ་	NOUN
གུ་	གུ་	VERB
དེ་	དེ་	DET
འདྲ་	འདྲ་	VERB
འབྲི་	འབྲི་	VERB
ཐུབ་	ཐུབ་	VERB
ཀྱི་	གི་	PART
མ་	མ་	PART
རེད་	རེད་	VERB
།		PUNCT
སྤུ་	སྤུ་	NOUN
གུ་	གུ་	OTHER
དེ་	དེ་	DET
འདི་	འདི་	DET
ར་	ལ་	PART
ཁྲིད་	ཁྲིད་	VERB
ཤོག་	ཤོག་	VERB
ཅེས་	ཅེས་	PART
གསུངས་པ་	གསུངས་པ་	VERB
ས་	གིས་	PART
།		PUNCT
རིན་པོ་ཆེ་	རིན་པོ་ཆེ་	ADJ
དེ་	དེ་	DET
ར་	ལ་	PART
ཕེབས་	ཕེབས་	NO_POS
ན་	ནས་	PART
གསུང་སྒྲོས་	གསུང་སྒྲོས་	NOUN
མཛད་པ་	མཛད་པ་	VERB
ས་	གིས་	PART
།		PUNCT
ཁོང་	ཁོང་	PRON
ཤིན་ཏུ་	ཤིན་ཏུ་	NO_POS
མཉེས་	མཉེས་	VERB
ན་	ནས་	PART
རོགས་རམ་	རོགས་རམ་	NO_POS
ཡང་	ཀྱང་	PART
མཛད་	མཛད་	VERB
།		PUNCT
དེ་ནས་	དེ་ནས་	NO_POS
འབྲིང་རིམ་	འབྲིང་རིམ་	OTHER
སློབ་གྲྭ་	སློབ་གྲྭ་	NOUN
མཐ་	མཐའ་	NOUN
ར་	ལ་	PART
ཕྱིན་	ཕྱིན་	VERB
ན་	ནས་	PART
།		PUNCT
འབྲས་ལྗོངས་	འབྲས་ལྗོངས་	OTHER
རྒྱལ་པོ་	རྒྱལ་པོ་	NOUN
འི་	གི་	PART
སྲ་	སྲ་	NOUN
དང་	དང་	NO_POS
མཉམ་	མཉམ་	VERB
དུ་	ལ་	PART
རྒྱ་གར་	རྒྱ་གར་	PROPN
གྱི་	གི་	PART
རྒྱལ་ས་	རྒྱལ་ས་	OTHER
དང་	དང་	NO_POS
ཕྱི་	ཕྱི་	NOUN
འི་	གི་	PART
རྒྱལ་ཁབ་	རྒྱལ་ཁབ་	NOUN
ཏུ་	ལ་	PART
མཐོ་རིམ་	མཐོ་རིམ་	OTHER
སློབ་	སློབ་	VERB
གྲྭར་		NON_WORD
ཕེབས་པ་	ཕེབས་པ་	VERB
ས་	གིས་	PART
།		PUNCT
ཕྱི་	ཕྱི་	NOUN
ནང་	ནང་	NOUN
གཉིས་	གཉིས་	NUM
ལ་	ལ་	ADP
མཁས་གྲུབ་	མཁས་གྲུབ་	NOUN
ཐུན་མོང་	ཐུན་མོང་	ADJ
མ་ཡིན་པ་	མ་ཡིན་པ་	OTHER
ཞིག་	ཅིག་	PART
ཆགས་	ཆགས་	VERB
ཡོད་པ་	ཡོད་པ་	VERB
དང་	དང་	NO_POS
།		PUNCT
དེ་ནས་	དེ་ནས་	NO_POS
བསྟན་པ་	བསྟན་པ་	VERB
འི་	གི་	PART
ཞབས་ཏོག་	ཞབས་ཏོག་	NOUN
སེམས་ཅན་	སེམས་ཅན་	NOUN
གྱི་	གི་	PART
འགྲོ་དོན་	འགྲོ་དོན་	NOUN
བྱུང་ཚུལ་	བྱུང་ཚུལ་	VERB
ལ་སོགས་པ་	ལ་སོགས་པ་	NO_POS
འི་	གི་	PART
སྙན་གྲགས་	སྙན་གྲགས་	NOUN
ཀྱང་	ཀྱང་	PART
གནམ་ས་	གནམ་ས་	NOUN
ལྟ་	ལྟ་	OTHER
གྲག་	གྲག་	VERB
དང་	དང་	NO_POS
གྲག་	གྲག་	VERB
བཞིན་པ་	བཞིན་པ་	NOUN
ཡིན་པ་	ཡིན་པ་	AUX
ས་	གིས་	PART
འདི་	འདི་	DET
ར་	ལ་	PART
བརྗོད་	བརྗོད་	VERB
མེད་	མེད་	VERB
།		PUNCT
དེ་ནས་	དེ་ནས་	NO_POS
སྲ་	སྲ་	NOUN
ཆུང་བ་	ཆུང་བ་	VERB
རྫོགས་ཆེན་	རྫོགས་ཆེན་	NOUN
རིན་པོ་ཆེ་	རིན་པོ་ཆེ་	ADJ
ཡང་	ཀྱང་	PART
།		PUNCT
ཡུམ་	ཡུམ་	NOUN
སྦྲུམ་མ་	སྦྲུམ་མ་	NOUN
ར་	ལ་	PART
བཞུགས་པ་	བཞུགས་པ་	VERB
འི་	གི་	PART
སྐབས་	སྐབས་	NOUN
སུ་	སུ་	ADP
མཁྱེན་བརྩེ་	མཁྱེན་བརྩེ་	PROPN
ཆོ་	ཆོ་	NOUN
ཀྱི་	གི་	PART
བློ་གྲོས་	བློ་གྲོས་	NOUN
ཀྱི་	གི་	PART
སྐུ་གདུང་	སྐུ་གདུང་	NOUN
གི་	གི་	PART
མདུན་	མདུན་	NOUN
།		PUNCT
ཞབས་བརྟན་	ཞབས་བརྟན་	OTHER
སྒྲོལ་ཆོག་	སྒྲོལ་ཆོག་	OTHER
ཅིག་	ཅིག་	PART
གི་	གི་	PART
སྐབས་	སྐབས་	NOUN
སུ་	སུ་	ADP
།		PUNCT
ཨ་ནེ་	ཨ་ནེ་	NOUN
ཞིག་	ཅིག་	PART
གིས་	གིས་	PART
ཡོན་ཆབ་	ཡོན་ཆབ་	NO_POS
གཤེགས་པ་	གཤེགས་པ་	VERB
ས་	གིས་	PART
།		PUNCT
ཨ་ནེ་	ཨ་ནེ་	NOUN
དེ་	དེ་	DET
ཧ་ལ་	ཧ་ལ་	NO_POS
ས་	གིས་	PART
ན་	ནས་	PART
།		PUNCT
ཅི་	ཅི་	NO_POS
རེད་	རེད་	VERB
དེ་རིང་	དེ་རིང་	ADV
།		PUNCT
ཡོན་ཆབ་	ཡོན་ཆབ་	NO_POS
ནང་	ནང་	NOUN
ལ་	ལ་	ADP
འོ་མ་	འོ་མ་	NOUN
མཐའ་དག་	མཐའ་དག་	DET
བླུགས་	བླུགས་	VERB
བཞག་	བཞག་	VERB
ཅེས་	ཅེས་	PART
སྨྲ་བ་	སྨྲ་བ་	VERB
ས་	གིས་	PART
།		PUNCT
མཁའ་འགྲོ་	མཁའ་འགྲོ་	NOUN
ཚེ་རིང་	ཚེ་རིང་	NOUN
ཆོ་	ཆོ་	NOUN
སྒྲོན་	སྒྲོན་	NOUN
གྱིས་	གིས་	PART
།		PUNCT
སྐུ་རྩེད་	སྐུ་རྩེད་	NOUN
ཀྱི་	གི་	PART
ཆེད་	ཆེད་	NOUN
དུ་	ལ་	PART
།		PUNCT
མི་ལ་	མི་ལ་	PROPN
ཡང་	ཀྱང་	PART
འོ་མ་	འོ་མ་	NOUN
འཐུངས་	འཐུངས་	VERB
རྒྱུ་	རྒྱུ་	NOUN
མེད་པ་	མེད་པ་	VERB
།		PUNCT
ཡོན་ཆབ་	ཡོན་ཆབ་	NO_POS
འོ་མ་	འོ་མ་	NOUN
ཕུལ་	ཕུལ་	VERB
རྒྱུ་	རྒྱུ་	NOUN
མེད་	མེད་	VERB
ན་	ན་	ADP
འགྲིག་	འགྲིག་	VERB
ས་	གིས་	PART
ཀྱི་	གི་	PART
རེད་	རེད་	VERB
ཅེས་	ཅེས་	PART
གསུངས་པ་	གསུངས་པ་	VERB
ས་	གིས་	PART
།		PUNCT
ཨ་ནེ་	ཨ་ནེ་	NOUN
དེ་	དེ་	DET
ས་	གིས་	PART
མནའ་	མནའ་	NOUN
བསྐྱལ་བ་	བསྐྱལ་བ་	VERB
ས་	གིས་	PART
།		PUNCT
མཁྱེན་བརྩེ་	མཁྱེན་བརྩེ་	PROPN
འི་	གི་	PART
གསོལ་དཔོན་	གསོལ་དཔོན་	NO_POS
དེ་	དེ་	DET
བཞེངས་	བཞེངས་	NO_POS
ན་	ནས་	PART
གཟིགས་པ་	གཟིགས་པ་	VERB
ས་	གིས་	PART
།		PUNCT
ཡིད་ཆེས་	ཡིད་ཆེས་	NOUN
མཛད་	མཛད་	VERB
།		PUNCT
དེ་	དེ་	DET
འི་	གི་	PART
མ་	མ་	PART
ཚད་	ཚད་	NOUN
སྐུ་བལྟམས་	སྐུ་བལྟམས་	NO_POS
དུས་	དུས་	NOUN
སུ་	སུ་	ADP
ཡང་	ཀྱང་	PART
།		PUNCT
ད་དུང་	ད་དུང་	ADV
ཆུ་	ཆུ་	NOUN
འོ་མ་	འོ་མ་	NOUN
ར་	ལ་	PART
གྱུར་བ་	གྱུར་བ་	VERB
ལ་སོགས་པ་	ལ་སོགས་པ་	NO_POS
འི་	གི་	PART
རྟགས་	རྟགས་	NOUN
མཚན་	མཚན་	NOUN
བཟང་པོ་	བཟང་པོ་	ADJ
ངོ་མཚར་	ངོ་མཚར་	ADJ
ཅན་	ཅན་	PART
མང་པོ་	མང་པོ་	ADJ
ཞིག་	ཅིག་	PART
བྱུང་	བྱུང་	VERB
།		PUNCT
རྡོ་	རྡོ་	NOUN
གྲུབ་ཆེན་	གྲུབ་ཆེན་	NOUN
དང་	དང་	NO_POS
རྒྱལ་བ་	རྒྱལ་བ་	NOUN
རིན་པོ་ཆེ་	རིན་པོ་ཆེ་	ADJ
སོགས་	སོགས་	DET
ཀྱིས་	གིས་	PART
རྫོགས་ཆེན་	རྫོགས་ཆེན་	NOUN
རིན་པོ་ཆེ་	རིན་པོ་ཆེ་	ADJ
སྐུ་ཕྲེང་	སྐུ་ཕྲེང་	NOUN
དྲུག་པ་	དྲུག་པ་	NUM
འཇིགས་	འཇིགས་	VERB
བྲལ་	བྲལ་	VERB
བྱང་ཆུབ་	བྱང་ཆུབ་	NOUN
རྡོ་རྗེ་	རྡོ་རྗེ་	NOUN
འི་	གི་	PART
སྤྲུལ་སྐུ་	སྤྲུལ་སྐུ་	NOUN
འཁྲུལ་	འཁྲུལ་	NO_POS
མེད་	མེད་	VERB
ཡིན་པ་	ཡིན་པ་	AUX
འི་	གི་	PART
ངོས་འཛིན་	ངོས་འཛིན་	NOUN
གནང་བ་	གནང་བ་	NO_POS
སོགས་	སོགས་	DET
ནི་	ནི་	NO_POS
མཁྱེན་	མཁྱེན་	VERB
གསལ་	གསལ་	VERB
ལྟ་	ལྟ་	OTHER
རེད་	རེད་	VERB
"།
།"		PUNCT
རེ་ཞིག་	རེ་ཞིག་	NO_POS
གི་	གི་	PART
ལོ་རྒྱུས་	ལོ་རྒྱུས་	NOUN
དེ་	དེ་	DET
རྫོགས་	རྫོགས་	VERB
སོ་	སོ་	PART
"།
།"		PUNCT
སརྦ་	སརྦ་	NO_POS
མངྒ་		NON_WORD
ལཾ་		NON_WORD
།། །།		PUNCT
